"CHROM","POS","fst_LB","fst_SB","fst_PL","highest","Morphs_above_threshold"
"NC_036838.1",10080000,0.215143,0.212769,0,0.215143,"LB and SB"
"NC_036838.1",10090000,0.225766,0.226103,0,0.226103,"LB and SB"
"NC_036838.1",10100000,0.260542,0.218847,0.0228828,0.260542,"LB and SB"
"NC_036838.1",10110000,0.261709,0.257574,0.0664997,0.261709,"LB and SB"
"NC_036838.1",14300000,0.247083,0.206417,0.19667,0.247083,"LB and SB"
"NC_036839.1",1150000,0.25016,0.242216,0.292095,0.292095,"LB and SB"
"NC_036839.1",1160000,0.25944,0.26292,0.288512,0.288512,"LB and SB"
"NC_036839.1",1170000,0.2496,0.258148,0.281313,0.281313,"LB and SB"
"NC_036839.1",1180000,0.261552,0.291345,0.288244,0.291345,"LB and SB"
"NC_036839.1",1190000,0.277822,0.302094,0.324992,0.324992,"LB and SB"
"NC_036839.1",1200000,0.284643,0.305752,0.339455,0.339455,"LB and SB"
"NC_036839.1",1210000,0.31762,0.348135,0.364532,0.364532,"LB and SB"
"NC_036839.1",1220000,0.314249,0.346196,0.365361,0.365361,"LB and SB"
"NC_036839.1",1230000,0.306444,0.341324,0.366746,0.366746,"LB and SB"
"NC_036839.1",1240000,0.288223,0.344554,0.388175,0.388175,"LB and SB"
"NC_036839.1",37910000,0.243187,0.308658,0.22163,0.308658,"LB and SB"
"NC_036839.1",37920000,0.303175,0.339715,0.268501,0.339715,"LB and SB"
"NC_036839.1",37930000,0.295814,0.32928,0.244205,0.32928,"LB and SB"
"NC_036839.1",37940000,0.276413,0.293094,0.215291,0.293094,"LB and SB"
"NC_036839.1",37950000,0.278489,0.294915,0.212488,0.294915,"LB and SB"
"NC_036839.1",37960000,0.318785,0.258123,0.310065,0.318785,"LB and SB"
"NC_036839.1",37970000,0.322334,0.257703,0.330316,0.330316,"LB and SB"
"NC_036839.1",37980000,0.32618,0.257946,0.323661,0.32618,"LB and SB"
"NC_036839.1",37990000,0.316786,0.245452,0.299216,0.316786,"LB and SB"
"NC_036839.1",3.8e+07,0.316786,0.245452,0.299216,0.316786,"LB and SB"
"NC_036839.1",38010000,0.317366,0.239811,0.302297,0.317366,"LB and SB"
"NC_036839.1",38020000,0.304757,0.219903,0.304462,0.304757,"LB and SB"
"NC_036839.1",38030000,0.307574,0.217494,0.310976,0.310976,"LB and SB"
"NC_036840.1",27800000,0.228322,0.33005,0.0219859,0.33005,"LB and SB"
"NC_036840.1",27810000,0.242567,0.356954,0.0299403,0.356954,"LB and SB"
"NC_036840.1",27820000,0.227729,0.320239,0.0425532,0.320239,"LB and SB"
"NC_036841.1",9890000,0.202582,0.235541,0.205347,0.235541,"LB and SB"
"NC_036841.1",9900000,0.250778,0.30494,0.264459,0.30494,"LB and SB"
"NC_036841.1",9910000,0.232831,0.291807,0.211011,0.291807,"LB and SB"
"NC_036842.1",41210000,0.359677,0.23311,0.141771,0.359677,"LB and SB"
"NC_036842.1",41220000,0.366362,0.233028,0.140184,0.366362,"LB and SB"
"NC_036842.1",41230000,0.398985,0.248912,0.185151,0.398985,"LB and SB"
"NC_036842.1",41240000,0.425563,0.271948,0.234975,0.425563,"LB and SB"
"NC_036842.1",41250000,0.39286,0.269112,0.214756,0.39286,"LB and SB"
"NC_036842.1",41260000,0.416783,0.260189,0.2284,0.416783,"LB and SB"
"NC_036842.1",41270000,0.394772,0.245256,0.222688,0.394772,"LB and SB"
"NC_036842.1",41280000,0.367008,0.222881,0.195886,0.367008,"LB and SB"
"NC_036842.1",41290000,0.327925,0.216626,0.157641,0.327925,"LB and SB"
"NC_036842.1",41300000,0.336574,0.203483,0.133843,0.336574,"LB and SB"
"NC_036842.1",41310000,0.3167,0.207905,0.129235,0.3167,"LB and SB"
"NC_036842.1",51170000,0.303326,0.246194,0.201748,0.303326,"LB and SB"
"NC_036842.1",51180000,0.304672,0.261308,0.267291,0.304672,"LB and SB"
"NC_036842.1",51190000,0.278412,0.222478,0.274798,0.278412,"LB and SB"
"NC_036842.1",51200000,0.256705,0.218965,0.277536,0.277536,"LB and SB"
"NC_036842.1",53980000,0.262244,0.244833,0.21711,0.262244,"LB and SB"
"NC_036842.1",53990000,0.335356,0.298852,0.281649,0.335356,"LB and SB"
"NC_036842.1",5.4e+07,0.305816,0.269013,0.232504,0.305816,"LB and SB"
"NC_036842.1",54010000,0.298316,0.255446,0.217777,0.298316,"LB and SB"
"NC_036842.1",54020000,0.293926,0.248587,0.215561,0.293926,"LB and SB"
"NC_036842.1",54030000,0.305722,0.258311,0.237689,0.305722,"LB and SB"
"NC_036842.1",54040000,0.28677,0.240679,0.215601,0.28677,"LB and SB"
"NC_036842.1",54050000,0.301542,0.25353,0.22837,0.301542,"LB and SB"
"NC_036842.1",54060000,0.293948,0.232141,0.207757,0.293948,"LB and SB"
"NC_036842.1",54070000,0.286247,0.216975,0.189114,0.286247,"LB and SB"
"NC_036842.1",68340000,0.357381,0.232957,0.0175748,0.357381,"LB and SB"
"NC_036842.1",68350000,0.3919,0.278772,0.00628077,0.3919,"LB and SB"
"NC_036842.1",68360000,0.46571,0.346784,0.00119313,0.46571,"LB and SB"
"NC_036842.1",68370000,0.483187,0.373268,0.00274791,0.483187,"LB and SB"
"NC_036842.1",68380000,0.481667,0.358002,0.00895897,0.481667,"LB and SB"
"NC_036842.1",68390000,0.491843,0.378328,0.0126738,0.491843,"LB and SB"
"NC_036842.1",68400000,0.490557,0.380358,0.0233599,0.490557,"LB and SB"
"NC_036842.1",68410000,0.491628,0.392658,0.051632,0.491628,"LB and SB"
"NC_036842.1",68420000,0.490839,0.394196,0.0880196,0.490839,"LB and SB"
"NC_036842.1",68430000,0.4883,0.396231,0.115736,0.4883,"LB and SB"
"NC_036842.1",68440000,0.497297,0.405533,0.140253,0.497297,"LB and SB"
"NC_036842.1",68450000,0.503707,0.414941,0.188531,0.503707,"LB and SB"
"NC_036842.1",68460000,0.472228,0.388297,0.195164,0.472228,"LB and SB"
"NC_036842.1",68470000,0.449822,0.373146,0.220606,0.449822,"LB and SB"
"NC_036842.1",68480000,0.384525,0.377665,0.278069,0.384525,"LB and SB"
"NC_036842.1",68490000,0.216478,0.240916,0.170738,0.240916,"LB and SB"
"NC_036842.1",68500000,0.203805,0.229108,0.164978,0.229108,"LB and SB"
"NC_036843.1",6800000,0.262091,0.203878,0.16872,0.262091,"LB and SB"
"NC_036843.1",6810000,0.280656,0.202994,0.164266,0.280656,"LB and SB"
"NC_036843.1",6820000,0.325185,0.212348,0.182182,0.325185,"LB and SB"
"NC_036843.1",6830000,0.320535,0.211892,0.187172,0.320535,"LB and SB"
"NC_036843.1",6840000,0.303064,0.205676,0.182441,0.303064,"LB and SB"
"NC_036843.1",6860000,0.321367,0.203185,0.167333,0.321367,"LB and SB"
"NC_036843.1",6880000,0.326961,0.210806,0.242795,0.326961,"LB and SB"
"NC_036843.1",6890000,0.224005,0.209731,0.361335,0.361335,"LB and SB"
"NC_036843.1",19920000,0.204568,0.461892,0.0693734,0.461892,"LB and SB"
"NC_036843.1",19930000,0.219908,0.479224,0.0643706,0.479224,"LB and SB"
"NC_036843.1",19940000,0.203836,0.437869,0.05038,0.437869,"LB and SB"
"NC_036843.1",19970000,0.220151,0.352552,0.0257818,0.352552,"LB and SB"
"NC_036843.1",19980000,0.205579,0.290139,0,0.290139,"LB and SB"
"NC_036844.1",9360000,0.199669,0.218758,0.125818,0.218758,"LB and SB"
"NC_036844.1",9380000,0.280199,0.234401,0.200066,0.280199,"LB and SB"
"NC_036844.1",9390000,0.285618,0.220061,0.187939,0.285618,"LB and SB"
"NC_036844.1",9400000,0.255261,0.204972,0.157434,0.255261,"LB and SB"
"NC_036844.1",9410000,0.238844,0.20847,0.155876,0.238844,"LB and SB"
"NC_036844.1",9420000,0.251464,0.216149,0.200569,0.251464,"LB and SB"
"NC_036844.1",9430000,0.233457,0.204998,0.2063,0.233457,"LB and SB"
"NC_036845.1",28610000,0.264166,0.35883,0.305387,0.35883,"LB and SB"
"NC_036845.1",28620000,0.299436,0.373983,0.345009,0.373983,"LB and SB"
"NC_036845.1",28630000,0.387697,0.476876,0.410201,0.476876,"LB and SB"
"NC_036845.1",28640000,0.385831,0.4743,0.401288,0.4743,"LB and SB"
"NC_036845.1",28650000,0.41006,0.420123,0.426833,0.426833,"LB and SB"
"NC_036845.1",28660000,0.374868,0.432564,0.435312,0.435312,"LB and SB"
"NC_036845.1",28670000,0.375352,0.409325,0.429471,0.429471,"LB and SB"
"NC_036845.1",28680000,0.356207,0.411313,0.413592,0.413592,"LB and SB"
"NC_036845.1",28690000,0.342704,0.398965,0.393961,0.398965,"LB and SB"
"NC_036845.1",28700000,0.347083,0.393892,0.393628,0.393892,"LB and SB"
"NC_036845.1",28710000,0.260015,0.289153,0.281576,0.289153,"LB and SB"
"NC_036845.1",28720000,0.212615,0.235497,0.15271,0.235497,"LB and SB"
"NC_036847.1",5850000,0.236046,0.275759,0.236526,0.275759,"LB and SB"
"NC_036847.1",5860000,0.245916,0.30108,0.271441,0.30108,"LB and SB"
"NC_036847.1",5870000,0.284334,0.318508,0.304773,0.318508,"LB and SB"
"NC_036847.1",5880000,0.310357,0.337486,0.334943,0.337486,"LB and SB"
"NC_036847.1",5890000,0.307113,0.342668,0.347915,0.347915,"LB and SB"
"NC_036847.1",5900000,0.323401,0.354974,0.37912,0.37912,"LB and SB"
"NC_036847.1",5910000,0.304958,0.346976,0.389369,0.389369,"LB and SB"
"NC_036847.1",5920000,0.27677,0.32482,0.384156,0.384156,"LB and SB"
"NC_036847.1",5930000,0.261555,0.304134,0.348677,0.348677,"LB and SB"
"NC_036847.1",5940000,0.24456,0.286596,0.336773,0.336773,"LB and SB"
"NC_036847.1",5950000,0.227461,0.27568,0.328813,0.328813,"LB and SB"
"NC_036847.1",5960000,0.2136,0.254122,0.313604,0.313604,"LB and SB"
"NC_036847.1",6090000,0.225397,0.267378,0.198953,0.267378,"LB and SB"
"NC_036847.1",6100000,0.226073,0.267261,0.194072,0.267261,"LB and SB"
"NC_036847.1",6110000,0.21092,0.254517,0.189003,0.254517,"LB and SB"
"NC_036847.1",11750000,0.199858,0.236272,0.1725,0.236272,"LB and SB"
"NC_036847.1",11760000,0.220047,0.22522,0.16768,0.22522,"LB and SB"
"NC_036847.1",11770000,0.357511,0.305812,0.251977,0.357511,"LB and SB"
"NC_036847.1",11780000,0.379165,0.298356,0.241171,0.379165,"LB and SB"
"NC_036847.1",11790000,0.37438,0.280871,0.220986,0.37438,"LB and SB"
"NC_036847.1",11800000,0.350557,0.237156,0.176299,0.350557,"LB and SB"
"NC_036848.1",54890000,0.849057,0.641649,0.372862,0.849057,"LB and SB"
"NC_036849.1",9020000,0.280531,0.211075,0.142089,0.280531,"LB and SB"
"NC_036849.1",9030000,0.311079,0.356309,0.324234,0.356309,"LB and SB"
"NC_036849.1",9040000,0.285888,0.341617,0.342321,0.342321,"LB and SB"
"NC_036849.1",9050000,0.284114,0.343419,0.341271,0.343419,"LB and SB"
"NC_036849.1",9060000,0.302641,0.338963,0.304689,0.338963,"LB and SB"
"NC_036849.1",9070000,0.299407,0.32797,0.280671,0.32797,"LB and SB"
"NC_036849.1",9080000,0.315777,0.320778,0.252633,0.320778,"LB and SB"
"NC_036849.1",9090000,0.337078,0.314069,0.237575,0.337078,"LB and SB"
"NC_036849.1",9100000,0.290411,0.27455,0.21116,0.290411,"LB and SB"
"NC_036849.1",9110000,0.292005,0.278517,0.214659,0.292005,"LB and SB"
"NC_036849.1",9120000,0.231788,0.227137,0.179089,0.231788,"LB and SB"
"NC_036849.1",9130000,0.206128,0.22229,0.150126,0.22229,"LB and SB"
"NC_036850.1",3370000,0.204932,0.213231,0.0633791,0.213231,"LB and SB"
"NC_036851.1",15250000,0.282269,0.364614,0.313469,0.364614,"LB and SB"
"NC_036851.1",15260000,0.274947,0.343104,0.294738,0.343104,"LB and SB"
"NC_036851.1",15270000,0.212005,0.307148,0.24568,0.307148,"LB and SB"
"NC_036851.1",15280000,0.232993,0.332197,0.232863,0.332197,"LB and SB"
"NC_036851.1",16260000,0.215936,0.283705,0.0951273,0.283705,"LB and SB"
"NC_036851.1",23030000,0.217533,0.284752,0,0.284752,"LB and SB"
"NC_036851.1",34390000,0.223438,0.325036,0.0985343,0.325036,"LB and SB"
"NC_036851.1",34400000,0.232397,0.341572,0.0877997,0.341572,"LB and SB"
"NC_036851.1",34410000,0.243771,0.359086,0.0580076,0.359086,"LB and SB"
"NC_036851.1",34420000,0.261444,0.384846,0.0749946,0.384846,"LB and SB"
"NC_036851.1",34670000,0.208348,0.289541,0.012286,0.289541,"LB and SB"
"NC_036851.1",34680000,0.201342,0.280768,0.0165944,0.280768,"LB and SB"
"NC_036854.1",27910000,0.258614,0.290941,0.29203,0.29203,"LB and SB"
"NC_036854.1",27920000,0.234257,0.279911,0.272363,0.279911,"LB and SB"
"NC_036854.1",27930000,0.201747,0.264573,0.238839,0.264573,"LB and SB"
"NC_036856.1",8050000,0.344783,0.224866,0.0825551,0.344783,"LB and SB"
"NC_036856.1",8060000,0.345243,0.228581,0.0806375,0.345243,"LB and SB"
"NC_036856.1",8070000,0.326958,0.215266,0.0817037,0.326958,"LB and SB"
"NC_036856.1",8080000,0.308599,0.218581,0.0757964,0.308599,"LB and SB"
"NC_036856.1",8090000,0.304019,0.208432,0.0814999,0.304019,"LB and SB"
"NC_036856.1",8100000,0.310355,0.203233,0.109262,0.310355,"LB and SB"
"NC_036856.1",8120000,0.267249,0.216452,0.111728,0.267249,"LB and SB"
"NC_036856.1",17640000,0.239012,0.2049,0.211406,0.239012,"LB and SB"
"NC_036856.1",17650000,0.222577,0.212858,0.229091,0.229091,"LB and SB"
"NC_036856.1",17660000,0.210723,0.22031,0.260126,0.260126,"LB and SB"
"NC_036856.1",17670000,0.210595,0.23666,0.257146,0.257146,"LB and SB"
"NC_036856.1",17680000,0.211043,0.228398,0.245138,0.245138,"LB and SB"
"NC_036856.1",23560000,0.257606,0.202819,0.248018,0.257606,"LB and SB"
"NC_036856.1",23580000,0.311053,0.218853,0.278859,0.311053,"LB and SB"
"NC_036856.1",23590000,0.322486,0.215077,0.286241,0.322486,"LB and SB"
"NC_036857.1",30760000,0.289176,0.301809,0,0.301809,"LB and SB"
"NC_036857.1",30770000,0.283048,0.302644,0,0.302644,"LB and SB"
"NC_036857.1",30780000,0.271952,0.298806,0,0.298806,"LB and SB"
"NC_036857.1",30790000,0.242755,0.314126,0,0.314126,"LB and SB"
"NC_036857.1",30800000,0.219243,0.319445,0,0.319445,"LB and SB"
"NC_036857.1",30810000,0.233342,0.32573,0.00592134,0.32573,"LB and SB"
"NC_036857.1",30820000,0.225631,0.339748,0.0310929,0.339748,"LB and SB"
"NC_036857.1",38920000,0.216855,0.404281,0.00916401,0.404281,"LB and SB"
"NC_036857.1",38930000,0.245663,0.446291,0.00950614,0.446291,"LB and SB"
"NC_036857.1",38940000,0.256893,0.452204,0.0378924,0.452204,"LB and SB"
"NC_036857.1",38950000,0.258646,0.435443,0.0436629,0.435443,"LB and SB"
"NC_036857.1",38960000,0.253984,0.383896,0.0271344,0.383896,"LB and SB"
"NC_036857.1",38970000,0.248414,0.373373,0.028998,0.373373,"LB and SB"
"NC_036857.1",38980000,0.242012,0.356435,0.0249367,0.356435,"LB and SB"
"NC_036857.1",38990000,0.224183,0.309039,0.0149337,0.309039,"LB and SB"
"NC_036857.1",3.9e+07,0.215734,0.277423,0.0076654,0.277423,"LB and SB"
"NC_036858.1",41790000,0.23859,0.286586,0.129325,0.286586,"LB and SB"
"NC_036858.1",41800000,0.277591,0.30311,0.251297,0.30311,"LB and SB"
"NC_036858.1",41810000,0.277516,0.317972,0.293889,0.317972,"LB and SB"
"NC_036858.1",41820000,0.218948,0.253311,0.202893,0.253311,"LB and SB"
"NC_036858.1",41830000,0.229321,0.256694,0.20871,0.256694,"LB and SB"
"NC_036858.1",41840000,0.234613,0.265771,0.222603,0.265771,"LB and SB"
"NC_036858.1",41850000,0.223224,0.264256,0.223365,0.264256,"LB and SB"
"NC_036858.1",41860000,0.226214,0.276349,0.217385,0.276349,"LB and SB"
"NC_036858.1",41870000,0.216426,0.303018,0.219416,0.303018,"LB and SB"
"NC_036858.1",41880000,0.228827,0.280984,0.210529,0.280984,"LB and SB"
"NC_036858.1",52820000,0.449576,0.218914,0.0421332,0.449576,"LB and SB"
"NC_036858.1",52950000,0.363171,0.227103,0,0.363171,"LB and SB"
"NC_036858.1",52960000,0.468669,0.216672,0.0377728,0.468669,"LB and SB"
"NC_036858.1",52970000,0.472982,0.218203,0.0354448,0.472982,"LB and SB"
"NC_036858.1",52980000,0.48109,0.23096,0.0364362,0.48109,"LB and SB"
"NC_036858.1",52990000,0.478161,0.240937,0.0317744,0.478161,"LB and SB"
"NC_036858.1",5.3e+07,0.525521,0.254762,0.0312203,0.525521,"LB and SB"
"NC_036858.1",53010000,0.518609,0.251443,0.0350749,0.518609,"LB and SB"
"NC_036858.1",53020000,0.518609,0.249707,0.0346396,0.518609,"LB and SB"
"NC_036858.1",53030000,0.52056,0.228015,0.0033295,0.52056,"LB and SB"
"NC_036858.1",53040000,0.514113,0.243708,0.0124174,0.514113,"LB and SB"
"NC_036858.1",53050000,0.486962,0.221067,0,0.486962,"LB and SB"
"NC_036858.1",53060000,0.409723,0.26582,0,0.409723,"LB and SB"
"NC_036858.1",53070000,0.401591,0.259361,0,0.401591,"LB and SB"
"NC_036858.1",53080000,0.384249,0.223158,0,0.384249,"LB and SB"
"NC_036858.1",53310000,0.252556,0.301377,0.0321785,0.301377,"LB and SB"
"NC_036858.1",53320000,0.222014,0.291962,0.0290543,0.291962,"LB and SB"
"NC_036858.1",53330000,0.205637,0.267726,0.0422116,0.267726,"LB and SB"
"NC_036858.1",53800000,0.218823,0.199907,0.083045,0.218823,"LB and SB"
"NC_036858.1",55270000,0.208754,0.258443,0.0303188,0.258443,"LB and SB"
"NC_036858.1",55280000,0.228697,0.268372,0.0263767,0.268372,"LB and SB"
"NC_036858.1",55320000,0.199136,0.23664,0.0035214,0.23664,"LB and SB"
"NC_036858.1",55330000,0.217789,0.259987,0,0.259987,"LB and SB"
"NC_036858.1",55410000,0.290528,0.205635,0.00922549,0.290528,"LB and SB"
"NC_036858.1",55440000,0.276618,0.209951,0.000275262,0.276618,"LB and SB"
"NC_036858.1",55450000,0.297188,0.224165,0,0.297188,"LB and SB"
"NC_036858.1",55460000,0.302892,0.209632,0.00446249,0.302892,"LB and SB"
"NC_036858.1",55470000,0.439038,0.284286,0.016128,0.439038,"LB and SB"
"NC_036858.1",55480000,0.373961,0.242093,0.00837439,0.373961,"LB and SB"
"NC_036858.1",55490000,0.367276,0.236892,0.0104429,0.367276,"LB and SB"
"NC_036858.1",55500000,0.369026,0.226302,0.00755136,0.369026,"LB and SB"
"NC_036858.1",55510000,0.368492,0.228032,0.00130952,0.368492,"LB and SB"
"NC_036858.1",55520000,0.364393,0.226568,0.000626379,0.364393,"LB and SB"
"NC_036859.1",11540000,0.21538,0.2655,0.296397,0.296397,"LB and SB"
"NC_036859.1",11550000,0.265854,0.301358,0.308702,0.308702,"LB and SB"
"NC_036859.1",11560000,0.278518,0.298197,0.22415,0.298197,"LB and SB"
"NC_036859.1",11570000,0.231654,0.259931,0.144471,0.259931,"LB and SB"
"NC_036859.1",11580000,0.234042,0.24756,0.143718,0.24756,"LB and SB"
"NC_036859.1",11590000,0.226369,0.247418,0.122681,0.247418,"LB and SB"
"NC_036859.1",11600000,0.206091,0.221086,0.0906835,0.221086,"LB and SB"
"NC_036860.1",19420000,0.25145,0.218402,0.169756,0.25145,"LB and SB"
"NC_036860.1",19430000,0.284271,0.257188,0.19396,0.284271,"LB and SB"
"NC_036860.1",19440000,0.280943,0.292419,0.235236,0.292419,"LB and SB"
"NC_036860.1",19450000,0.274307,0.319523,0.318112,0.319523,"LB and SB"
"NC_036860.1",19460000,0.273124,0.338834,0.35071,0.35071,"LB and SB"
"NC_036860.1",19470000,0.292958,0.344311,0.363772,0.363772,"LB and SB"
"NC_036860.1",19480000,0.302004,0.353522,0.353326,0.353522,"LB and SB"
"NC_036860.1",19490000,0.293959,0.34784,0.345822,0.34784,"LB and SB"
"NC_036860.1",19500000,0.335752,0.381949,0.369019,0.381949,"LB and SB"
"NC_036860.1",19510000,0.354787,0.361115,0.397194,0.397194,"LB and SB"
"NC_036860.1",19520000,0.351779,0.337086,0.369009,0.369009,"LB and SB"
"NC_036860.1",19530000,0.36111,0.335205,0.399718,0.399718,"LB and SB"
"NC_036860.1",19540000,0.296359,0.311932,0.357612,0.357612,"LB and SB"
"NC_036860.1",19550000,0.305182,0.300218,0.303737,0.305182,"LB and SB"
"NC_036860.1",19560000,0.302826,0.298961,0.308963,0.308963,"LB and SB"
"NC_036860.1",19570000,0.239914,0.273736,0.282193,0.282193,"LB and SB"
"NC_036860.1",19580000,0.23225,0.250373,0.266785,0.266785,"LB and SB"
"NC_036860.1",21520000,0.36533,0.287035,0.29959,0.36533,"LB and SB"
"NC_036860.1",24380000,0.214964,0.301853,0.117869,0.301853,"LB and SB"
"NC_036863.1",28660000,0.205019,0.270332,0.341945,0.341945,"LB and SB"
"NC_036863.1",28670000,0.215902,0.277828,0.27646,0.277828,"LB and SB"
"NC_036863.1",28680000,0.249839,0.299949,0.276998,0.299949,"LB and SB"
"NC_036863.1",28690000,0.263325,0.316306,0.291079,0.316306,"LB and SB"
"NC_036863.1",28700000,0.254964,0.314721,0.295336,0.314721,"LB and SB"
"NC_036863.1",28710000,0.244918,0.296731,0.309388,0.309388,"LB and SB"
"NC_036863.1",28720000,0.232025,0.309019,0.315071,0.315071,"LB and SB"
"NC_036863.1",28730000,0.216537,0.306397,0.293141,0.306397,"LB and SB"
"NC_036863.1",28740000,0.23379,0.305915,0.287786,0.305915,"LB and SB"
"NC_036863.1",44650000,0.204886,0.225979,0,0.225979,"LB and SB"
"NC_036863.1",49600000,0.356539,0.252943,0.33842,0.356539,"LB and SB"
"NC_036863.1",49610000,0.356539,0.252943,0.33842,0.356539,"LB and SB"
"NC_036865.1",2630000,0.213225,0.232211,0.127146,0.232211,"LB and SB"
"NC_036865.1",2640000,0.252262,0.217918,0.169375,0.252262,"LB and SB"
"NC_036865.1",2650000,0.298374,0.206712,0.223066,0.298374,"LB and SB"
"NC_036865.1",2660000,0.301258,0.207336,0.230899,0.301258,"LB and SB"
"NC_036865.1",2670000,0.305183,0.205874,0.239091,0.305183,"LB and SB"
"NC_036865.1",2690000,0.327074,0.232198,0.281037,0.327074,"LB and SB"
"NC_036865.1",2700000,0.336187,0.248485,0.29668,0.336187,"LB and SB"
"NC_036865.1",2710000,0.338644,0.226073,0.298742,0.338644,"LB and SB"
"NC_036865.1",9570000,0.335373,0.352599,0,0.352599,"LB and SB"
"NC_036865.1",9580000,0.221139,0.22841,0,0.22841,"LB and SB"
"NC_036865.1",9610000,0.205339,0.248171,0,0.248171,"LB and SB"
"NC_036867.1",1510000,0.203137,0.278409,0.280859,0.280859,"LB and SB"
"NC_036867.1",1520000,0.202088,0.260164,0.278376,0.278376,"LB and SB"
"NC_036867.1",1530000,0.200956,0.273572,0.287986,0.287986,"LB and SB"
"NC_036867.1",1540000,0.279339,0.311552,0.330943,0.330943,"LB and SB"
"NC_036867.1",1550000,0.290206,0.269006,0.303563,0.303563,"LB and SB"
"NC_036867.1",1560000,0.301014,0.250874,0.289672,0.301014,"LB and SB"
"NC_036867.1",1570000,0.343071,0.247618,0.286125,0.343071,"LB and SB"
"NC_036867.1",1580000,0.36327,0.235633,0.289307,0.36327,"LB and SB"
"NC_036867.1",1590000,0.372373,0.207016,0.275901,0.372373,"LB and SB"
"NC_036867.1",13340000,0.237408,0.23897,0.249288,0.249288,"LB and SB"
"NC_036867.1",13350000,0.248295,0.267587,0.243819,0.267587,"LB and SB"
"NC_036867.1",13360000,0.225223,0.208032,0.227027,0.227027,"LB and SB"
"NC_036867.1",13370000,0.231113,0.224465,0.240911,0.240911,"LB and SB"
"NC_036867.1",15740000,0.222065,0.204326,0,0.222065,"LB and SB"
"NC_036868.1",3110000,0.372511,0.319556,0.336557,0.372511,"LB and SB"
"NC_036868.1",3120000,0.356413,0.323834,0.334822,0.356413,"LB and SB"
"NC_036868.1",3130000,0.300559,0.319922,0.322337,0.322337,"LB and SB"
"NC_036868.1",3140000,0.292661,0.315693,0.318121,0.318121,"LB and SB"
"NC_036868.1",3150000,0.287168,0.310374,0.315336,0.315336,"LB and SB"
"NC_036868.1",3160000,0.282361,0.306182,0.30165,0.306182,"LB and SB"
"NC_036868.1",3170000,0.232722,0.286045,0.260278,0.286045,"LB and SB"
"NC_036868.1",18400000,0.206939,0.30227,0.0178159,0.30227,"LB and SB"
"NC_036868.1",18410000,0.241116,0.383567,0.0426708,0.383567,"LB and SB"
"NC_036868.1",18420000,0.250234,0.405322,0.0400807,0.405322,"LB and SB"
"NC_036868.1",18430000,0.219199,0.425706,0.0396243,0.425706,"LB and SB"
"NC_036868.1",18450000,0.202635,0.517165,0.0318036,0.517165,"LB and SB"
"NC_036868.1",18750000,0.217999,0.251255,0.0570238,0.251255,"LB and SB"
"NC_036868.1",18760000,0.254565,0.251712,0.0700133,0.254565,"LB and SB"
"NC_036868.1",18770000,0.275945,0.273381,0.0473956,0.275945,"LB and SB"
"NC_036868.1",18780000,0.249047,0.269726,0.0486939,0.269726,"LB and SB"
"NC_036868.1",18790000,0.327672,0.37283,0,0.37283,"LB and SB"
"NC_036868.1",18800000,0.311785,0.310689,0.0249621,0.311785,"LB and SB"
"NC_036868.1",18810000,0.293005,0.304329,0.0309868,0.304329,"LB and SB"
"NC_036868.1",18820000,0.287289,0.323357,0.0261979,0.323357,"LB and SB"
"NC_036868.1",18830000,0.270671,0.346895,0.0556322,0.346895,"LB and SB"
"NC_036868.1",18840000,0.233477,0.350949,0.0745849,0.350949,"LB and SB"
"NC_036868.1",18850000,0.239325,0.320605,0.138508,0.320605,"LB and SB"
"NC_036868.1",18860000,0.202598,0.294796,0.124789,0.294796,"LB and SB"
"NC_036868.1",18880000,0.222905,0.249493,0.0656373,0.249493,"LB and SB"
"NC_036868.1",29590000,0.265595,0.233265,0.161768,0.265595,"LB and SB"
"NC_036868.1",29600000,0.250663,0.213602,0.097215,0.250663,"LB and SB"
"NC_036870.1",430000,0.232642,0.339911,0.3627,0.3627,"LB and SB"
"NC_036870.1",440000,0.250512,0.38059,0.357305,0.38059,"LB and SB"
"NC_036870.1",450000,0.289402,0.417798,0.380549,0.417798,"LB and SB"
"NC_036870.1",460000,0.300783,0.421699,0.383139,0.421699,"LB and SB"
"NC_036870.1",470000,0.321916,0.441047,0.395956,0.441047,"LB and SB"
"NC_036870.1",480000,0.331869,0.442933,0.402319,0.442933,"LB and SB"
"NC_036870.1",490000,0.39345,0.457479,0.415192,0.457479,"LB and SB"
"NC_036870.1",5e+05,0.394668,0.422293,0.415008,0.422293,"LB and SB"
"NC_036870.1",510000,0.436009,0.413114,0.428832,0.436009,"LB and SB"
"NC_036870.1",520000,0.427633,0.403489,0.425275,0.427633,"LB and SB"
"NC_036870.1",530000,0.366815,0.335011,0.379148,0.379148,"LB and SB"
"NC_036870.1",540000,0.368945,0.320325,0.376907,0.376907,"LB and SB"
"NC_036870.1",550000,0.363397,0.252874,0.354692,0.363397,"LB and SB"
"NC_036870.1",560000,0.357497,0.206244,0.338247,0.357497,"LB and SB"
"NC_036870.1",7540000,0.205726,0.247121,0.185672,0.247121,"LB and SB"
"NC_036870.1",7550000,0.249657,0.293397,0.255339,0.293397,"LB and SB"
"NC_036870.1",7560000,0.272816,0.318101,0.298762,0.318101,"LB and SB"
"NC_036870.1",7570000,0.28056,0.329286,0.313904,0.329286,"LB and SB"
"NC_036870.1",7580000,0.28833,0.344549,0.339162,0.344549,"LB and SB"
"NC_036870.1",7590000,0.366818,0.402156,0.410719,0.410719,"LB and SB"
"NC_036870.1",7600000,0.368208,0.379887,0.399202,0.399202,"LB and SB"
"NC_036870.1",7610000,0.370545,0.355139,0.369105,0.370545,"LB and SB"
"NC_036870.1",7620000,0.366139,0.328575,0.326017,0.366139,"LB and SB"
"NC_036870.1",7630000,0.320452,0.287302,0.282885,0.320452,"LB and SB"
"NC_036870.1",7640000,0.304834,0.27814,0.265759,0.304834,"LB and SB"
"NC_036870.1",7650000,0.27359,0.241301,0.224878,0.27359,"LB and SB"
"NC_036871.1",770000,0.231387,0.295615,0.0939141,0.295615,"LB and SB"
"NC_036871.1",780000,0.229291,0.298754,0.0935128,0.298754,"LB and SB"
"NC_036871.1",790000,0.201115,0.256087,0.0781591,0.256087,"LB and SB"
"NC_036871.1",8e+05,0.209254,0.244482,0.0546493,0.244482,"LB and SB"
"NC_036871.1",16530000,0.251732,0.207981,0.0156537,0.251732,"LB and SB"
"NC_036871.1",16540000,0.297165,0.246725,0.00468079,0.297165,"LB and SB"
"NC_036871.1",16550000,0.357038,0.284062,0.00975275,0.357038,"LB and SB"
"NC_036871.1",16560000,0.331338,0.222514,0.0099537,0.331338,"LB and SB"
"NC_036871.1",16570000,0.306399,0.207524,0.0127089,0.306399,"LB and SB"
"NC_036871.1",16580000,0.309419,0.215331,0.0141454,0.309419,"LB and SB"
"NC_036871.1",16590000,0.316317,0.21565,0.0106533,0.316317,"LB and SB"
"NC_036871.1",16600000,0.312658,0.21856,0.00568331,0.312658,"LB and SB"
"NC_036871.1",16610000,0.288769,0.199787,0.00520523,0.288769,"LB and SB"
"NC_036871.1",16690000,0.296731,0.204768,0.0734105,0.296731,"LB and SB"
"NC_036871.1",16700000,0.300306,0.216788,0.0857113,0.300306,"LB and SB"
"NC_036871.1",16710000,0.341102,0.255974,0.112384,0.341102,"LB and SB"
"NC_036871.1",16720000,0.34692,0.269063,0.12933,0.34692,"LB and SB"
"NC_036871.1",16730000,0.418641,0.319011,0.171249,0.418641,"LB and SB"
"NC_036871.1",16740000,0.350685,0.316735,0.20739,0.350685,"LB and SB"
"NC_036871.1",18040000,0.282715,0.216911,0.325916,0.325916,"LB and SB"
"NC_036871.1",18050000,0.338109,0.332154,0.341728,0.341728,"LB and SB"
"NC_036871.1",18060000,0.37796,0.386685,0.350172,0.386685,"LB and SB"
"NC_036871.1",18070000,0.415997,0.444115,0.362891,0.444115,"LB and SB"
"NC_036871.1",18080000,0.412719,0.445792,0.33394,0.445792,"LB and SB"
"NC_036871.1",18090000,0.42647,0.460208,0.328023,0.460208,"LB and SB"
"NC_036871.1",18100000,0.425012,0.453073,0.325206,0.453073,"LB and SB"
"NC_036871.1",18110000,0.422939,0.45463,0.309307,0.45463,"LB and SB"
"NC_036871.1",18120000,0.433242,0.461982,0.310033,0.461982,"LB and SB"
"NC_036871.1",18130000,0.448898,0.473506,0.289523,0.473506,"LB and SB"
"NC_036871.1",18140000,0.278951,0.308749,0.0636029,0.308749,"LB and SB"
"NC_036871.1",18150000,0.24142,0.26336,0.0464013,0.26336,"LB and SB"
"NC_036871.1",18240000,0.277718,0.30985,0.0353925,0.30985,"LB and SB"
"NC_036871.1",18250000,0.285476,0.332804,0.0402727,0.332804,"LB and SB"
"NC_036871.1",18260000,0.322579,0.384854,0.0469427,0.384854,"LB and SB"
"NC_036871.1",18270000,0.24232,0.321895,0.0940349,0.321895,"LB and SB"
"NC_036871.1",18280000,0.219272,0.317149,0.0978673,0.317149,"LB and SB"
"NC_036871.1",18290000,0.227412,0.316724,0.10088,0.316724,"LB and SB"
"NC_036871.1",18300000,0.230025,0.320629,0.114446,0.320629,"LB and SB"
"NC_036838.1",4730000,0.258103,0.00280853,0.32056,0.32056,"LB and PL"
"NC_036838.1",4740000,0.251829,0.000667216,0.340916,0.340916,"LB and PL"
"NC_036838.1",4750000,0.280508,0.00811491,0.373915,0.373915,"LB and PL"
"NC_036838.1",4760000,0.283666,0,0.377541,0.377541,"LB and PL"
"NC_036838.1",4770000,0.294759,0,0.395634,0.395634,"LB and PL"
"NC_036838.1",4780000,0.320323,0,0.434477,0.434477,"LB and PL"
"NC_036838.1",20950000,0.241662,0.156668,0.411019,0.411019,"LB and PL"
"NC_036838.1",20960000,0.233153,0.157698,0.441597,0.441597,"LB and PL"
"NC_036838.1",20970000,0.225565,0.158705,0.419641,0.419641,"LB and PL"
"NC_036838.1",20980000,0.226035,0.140524,0.410507,0.410507,"LB and PL"
"NC_036838.1",20990000,0.221022,0.144474,0.439038,0.439038,"LB and PL"
"NC_036838.1",2.1e+07,0.214908,0.132057,0.452134,0.452134,"LB and PL"
"NC_036838.1",55940000,0.253757,0.098153,0.233022,0.253757,"LB and PL"
"NC_036838.1",55990000,0.224346,0.180004,0.215895,0.224346,"LB and PL"
"NC_036838.1",5.6e+07,0.226708,0.17424,0.208608,0.226708,"LB and PL"
"NC_036839.1",1150000,0.25016,0.242216,0.292095,0.292095,"LB and PL"
"NC_036839.1",1160000,0.25944,0.26292,0.288512,0.288512,"LB and PL"
"NC_036839.1",1170000,0.2496,0.258148,0.281313,0.281313,"LB and PL"
"NC_036839.1",1180000,0.261552,0.291345,0.288244,0.291345,"LB and PL"
"NC_036839.1",1190000,0.277822,0.302094,0.324992,0.324992,"LB and PL"
"NC_036839.1",1200000,0.284643,0.305752,0.339455,0.339455,"LB and PL"
"NC_036839.1",1210000,0.31762,0.348135,0.364532,0.364532,"LB and PL"
"NC_036839.1",1220000,0.314249,0.346196,0.365361,0.365361,"LB and PL"
"NC_036839.1",1230000,0.306444,0.341324,0.366746,0.366746,"LB and PL"
"NC_036839.1",1240000,0.288223,0.344554,0.388175,0.388175,"LB and PL"
"NC_036839.1",23390000,0.207974,0.0576341,0.218139,0.218139,"LB and PL"
"NC_036839.1",23400000,0.211877,0.056029,0.239204,0.239204,"LB and PL"
"NC_036839.1",23410000,0.218198,0.0395879,0.254447,0.254447,"LB and PL"
"NC_036839.1",23420000,0.214766,0.0346106,0.251066,0.251066,"LB and PL"
"NC_036839.1",23440000,0.219318,0.00823597,0.254749,0.254749,"LB and PL"
"NC_036839.1",23450000,0.217484,0.00131845,0.257295,0.257295,"LB and PL"
"NC_036839.1",23460000,0.218628,0.00350675,0.256695,0.256695,"LB and PL"
"NC_036839.1",23470000,0.215598,0.00983304,0.268295,0.268295,"LB and PL"
"NC_036839.1",25600000,0.327461,0.0449918,0.208773,0.327461,"LB and PL"
"NC_036839.1",25610000,0.336592,0.062856,0.225832,0.336592,"LB and PL"
"NC_036839.1",25620000,0.444621,0.109265,0.287386,0.444621,"LB and PL"
"NC_036839.1",25630000,0.388378,0.0866022,0.252649,0.388378,"LB and PL"
"NC_036839.1",25640000,0.370949,0.0662946,0.24335,0.370949,"LB and PL"
"NC_036839.1",25650000,0.395354,0.037547,0.249579,0.395354,"LB and PL"
"NC_036839.1",25660000,0.35003,0.0461168,0.202726,0.35003,"LB and PL"
"NC_036839.1",37910000,0.243187,0.308658,0.22163,0.308658,"LB and PL"
"NC_036839.1",37920000,0.303175,0.339715,0.268501,0.339715,"LB and PL"
"NC_036839.1",37930000,0.295814,0.32928,0.244205,0.32928,"LB and PL"
"NC_036839.1",37940000,0.276413,0.293094,0.215291,0.293094,"LB and PL"
"NC_036839.1",37950000,0.278489,0.294915,0.212488,0.294915,"LB and PL"
"NC_036839.1",37960000,0.318785,0.258123,0.310065,0.318785,"LB and PL"
"NC_036839.1",37970000,0.322334,0.257703,0.330316,0.330316,"LB and PL"
"NC_036839.1",37980000,0.32618,0.257946,0.323661,0.32618,"LB and PL"
"NC_036839.1",37990000,0.316786,0.245452,0.299216,0.316786,"LB and PL"
"NC_036839.1",3.8e+07,0.316786,0.245452,0.299216,0.316786,"LB and PL"
"NC_036839.1",38010000,0.317366,0.239811,0.302297,0.317366,"LB and PL"
"NC_036839.1",38020000,0.304757,0.219903,0.304462,0.304757,"LB and PL"
"NC_036839.1",38030000,0.307574,0.217494,0.310976,0.310976,"LB and PL"
"NC_036839.1",38040000,0.272268,0.177188,0.26998,0.272268,"LB and PL"
"NC_036839.1",38050000,0.269699,0.183396,0.275196,0.275196,"LB and PL"
"NC_036839.1",38060000,0.228542,0.187482,0.214454,0.228542,"LB and PL"
"NC_036840.1",27210000,0.294974,0.0336114,0.218891,0.294974,"LB and PL"
"NC_036840.1",27220000,0.30608,0.047506,0.209332,0.30608,"LB and PL"
"NC_036840.1",27230000,0.345352,0.0532553,0.22756,0.345352,"LB and PL"
"NC_036840.1",27240000,0.348162,0.0693454,0.219057,0.348162,"LB and PL"
"NC_036840.1",27250000,0.336123,0.0617799,0.20779,0.336123,"LB and PL"
"NC_036840.1",27260000,0.344437,0.0587447,0.221209,0.344437,"LB and PL"
"NC_036840.1",27270000,0.354297,0.0636851,0.235428,0.354297,"LB and PL"
"NC_036840.1",27280000,0.348839,0.0645212,0.233795,0.348839,"LB and PL"
"NC_036840.1",27290000,0.330826,0.0635335,0.250194,0.330826,"LB and PL"
"NC_036841.1",9890000,0.202582,0.235541,0.205347,0.235541,"LB and PL"
"NC_036841.1",9900000,0.250778,0.30494,0.264459,0.30494,"LB and PL"
"NC_036841.1",9910000,0.232831,0.291807,0.211011,0.291807,"LB and PL"
"NC_036842.1",18600000,0.207285,0.0687665,0.346496,0.346496,"LB and PL"
"NC_036842.1",18620000,0.199027,0.1052,0.393003,0.393003,"LB and PL"
"NC_036842.1",18630000,0.199738,0.104044,0.397403,0.397403,"LB and PL"
"NC_036842.1",18640000,0.203519,0.0823768,0.381794,0.381794,"LB and PL"
"NC_036842.1",41240000,0.425563,0.271948,0.234975,0.425563,"LB and PL"
"NC_036842.1",41250000,0.39286,0.269112,0.214756,0.39286,"LB and PL"
"NC_036842.1",41260000,0.416783,0.260189,0.2284,0.416783,"LB and PL"
"NC_036842.1",41270000,0.394772,0.245256,0.222688,0.394772,"LB and PL"
"NC_036842.1",51170000,0.303326,0.246194,0.201748,0.303326,"LB and PL"
"NC_036842.1",51180000,0.304672,0.261308,0.267291,0.304672,"LB and PL"
"NC_036842.1",51190000,0.278412,0.222478,0.274798,0.278412,"LB and PL"
"NC_036842.1",51200000,0.256705,0.218965,0.277536,0.277536,"LB and PL"
"NC_036842.1",53980000,0.262244,0.244833,0.21711,0.262244,"LB and PL"
"NC_036842.1",53990000,0.335356,0.298852,0.281649,0.335356,"LB and PL"
"NC_036842.1",5.4e+07,0.305816,0.269013,0.232504,0.305816,"LB and PL"
"NC_036842.1",54010000,0.298316,0.255446,0.217777,0.298316,"LB and PL"
"NC_036842.1",54020000,0.293926,0.248587,0.215561,0.293926,"LB and PL"
"NC_036842.1",54030000,0.305722,0.258311,0.237689,0.305722,"LB and PL"
"NC_036842.1",54040000,0.28677,0.240679,0.215601,0.28677,"LB and PL"
"NC_036842.1",54050000,0.301542,0.25353,0.22837,0.301542,"LB and PL"
"NC_036842.1",54060000,0.293948,0.232141,0.207757,0.293948,"LB and PL"
"NC_036842.1",54140000,0.280123,0.138592,0.291652,0.291652,"LB and PL"
"NC_036842.1",54150000,0.242328,0.105566,0.278389,0.278389,"LB and PL"
"NC_036842.1",54160000,0.254068,0.100611,0.309455,0.309455,"LB and PL"
"NC_036842.1",54170000,0.268762,0.0836741,0.345555,0.345555,"LB and PL"
"NC_036842.1",54180000,0.223202,0.0849325,0.302466,0.302466,"LB and PL"
"NC_036842.1",54190000,0.214979,0.084293,0.304186,0.304186,"LB and PL"
"NC_036842.1",54200000,0.198979,0.0632513,0.304829,0.304829,"LB and PL"
"NC_036842.1",68470000,0.449822,0.373146,0.220606,0.449822,"LB and PL"
"NC_036842.1",68480000,0.384525,0.377665,0.278069,0.384525,"LB and PL"
"NC_036843.1",6880000,0.326961,0.210806,0.242795,0.326961,"LB and PL"
"NC_036843.1",6890000,0.224005,0.209731,0.361335,0.361335,"LB and PL"
"NC_036843.1",22470000,0.215639,0.0119373,0.296544,0.296544,"LB and PL"
"NC_036843.1",22480000,0.205057,0.0169838,0.316848,0.316848,"LB and PL"
"NC_036843.1",22490000,0.218377,0.0112387,0.333218,0.333218,"LB and PL"
"NC_036843.1",22500000,0.258169,0.011015,0.37668,0.37668,"LB and PL"
"NC_036843.1",22510000,0.269141,0.0143477,0.41918,0.41918,"LB and PL"
"NC_036843.1",22520000,0.296576,0.00593784,0.451257,0.451257,"LB and PL"
"NC_036843.1",22530000,0.288165,0.0106112,0.456112,0.456112,"LB and PL"
"NC_036843.1",22540000,0.271292,0.0168691,0.436799,0.436799,"LB and PL"
"NC_036843.1",22550000,0.228303,0.0169686,0.381568,0.381568,"LB and PL"
"NC_036843.1",22560000,0.216623,0.0158728,0.371237,0.371237,"LB and PL"
"NC_036843.1",22570000,0.220791,0.0157198,0.397041,0.397041,"LB and PL"
"NC_036843.1",22580000,0.221843,0.016022,0.384978,0.384978,"LB and PL"
"NC_036843.1",22590000,0.209795,0.00487248,0.372838,0.372838,"LB and PL"
"NC_036844.1",9380000,0.280199,0.234401,0.200066,0.280199,"LB and PL"
"NC_036844.1",9420000,0.251464,0.216149,0.200569,0.251464,"LB and PL"
"NC_036844.1",9430000,0.233457,0.204998,0.2063,0.233457,"LB and PL"
"NC_036845.1",28610000,0.264166,0.35883,0.305387,0.35883,"LB and PL"
"NC_036845.1",28620000,0.299436,0.373983,0.345009,0.373983,"LB and PL"
"NC_036845.1",28630000,0.387697,0.476876,0.410201,0.476876,"LB and PL"
"NC_036845.1",28640000,0.385831,0.4743,0.401288,0.4743,"LB and PL"
"NC_036845.1",28650000,0.41006,0.420123,0.426833,0.426833,"LB and PL"
"NC_036845.1",28660000,0.374868,0.432564,0.435312,0.435312,"LB and PL"
"NC_036845.1",28670000,0.375352,0.409325,0.429471,0.429471,"LB and PL"
"NC_036845.1",28680000,0.356207,0.411313,0.413592,0.413592,"LB and PL"
"NC_036845.1",28690000,0.342704,0.398965,0.393961,0.398965,"LB and PL"
"NC_036845.1",28700000,0.347083,0.393892,0.393628,0.393892,"LB and PL"
"NC_036845.1",28710000,0.260015,0.289153,0.281576,0.289153,"LB and PL"
"NC_036847.1",5850000,0.236046,0.275759,0.236526,0.275759,"LB and PL"
"NC_036847.1",5860000,0.245916,0.30108,0.271441,0.30108,"LB and PL"
"NC_036847.1",5870000,0.284334,0.318508,0.304773,0.318508,"LB and PL"
"NC_036847.1",5880000,0.310357,0.337486,0.334943,0.337486,"LB and PL"
"NC_036847.1",5890000,0.307113,0.342668,0.347915,0.347915,"LB and PL"
"NC_036847.1",5900000,0.323401,0.354974,0.37912,0.37912,"LB and PL"
"NC_036847.1",5910000,0.304958,0.346976,0.389369,0.389369,"LB and PL"
"NC_036847.1",5920000,0.27677,0.32482,0.384156,0.384156,"LB and PL"
"NC_036847.1",5930000,0.261555,0.304134,0.348677,0.348677,"LB and PL"
"NC_036847.1",5940000,0.24456,0.286596,0.336773,0.336773,"LB and PL"
"NC_036847.1",5950000,0.227461,0.27568,0.328813,0.328813,"LB and PL"
"NC_036847.1",5960000,0.2136,0.254122,0.313604,0.313604,"LB and PL"
"NC_036847.1",11770000,0.357511,0.305812,0.251977,0.357511,"LB and PL"
"NC_036847.1",11780000,0.379165,0.298356,0.241171,0.379165,"LB and PL"
"NC_036847.1",11790000,0.37438,0.280871,0.220986,0.37438,"LB and PL"
"NC_036848.1",54880000,0.240606,0.177232,0.306641,0.306641,"LB and PL"
"NC_036848.1",54890000,0.849057,0.641649,0.372862,0.849057,"LB and PL"
"NC_036849.1",9030000,0.311079,0.356309,0.324234,0.356309,"LB and PL"
"NC_036849.1",9040000,0.285888,0.341617,0.342321,0.342321,"LB and PL"
"NC_036849.1",9050000,0.284114,0.343419,0.341271,0.343419,"LB and PL"
"NC_036849.1",9060000,0.302641,0.338963,0.304689,0.338963,"LB and PL"
"NC_036849.1",9070000,0.299407,0.32797,0.280671,0.32797,"LB and PL"
"NC_036849.1",9080000,0.315777,0.320778,0.252633,0.320778,"LB and PL"
"NC_036849.1",9090000,0.337078,0.314069,0.237575,0.337078,"LB and PL"
"NC_036849.1",9100000,0.290411,0.27455,0.21116,0.290411,"LB and PL"
"NC_036849.1",9110000,0.292005,0.278517,0.214659,0.292005,"LB and PL"
"NC_036849.1",30370000,0.226309,0.0363116,0.459062,0.459062,"LB and PL"
"NC_036849.1",30380000,0.245923,0.0505994,0.467572,0.467572,"LB and PL"
"NC_036849.1",30390000,0.250857,0.0604432,0.470718,0.470718,"LB and PL"
"NC_036849.1",30400000,0.206192,0.0673632,0.438851,0.438851,"LB and PL"
"NC_036851.1",15250000,0.282269,0.364614,0.313469,0.364614,"LB and PL"
"NC_036851.1",15260000,0.274947,0.343104,0.294738,0.343104,"LB and PL"
"NC_036851.1",15270000,0.212005,0.307148,0.24568,0.307148,"LB and PL"
"NC_036851.1",15280000,0.232993,0.332197,0.232863,0.332197,"LB and PL"
"NC_036851.1",30210000,0.328733,0.0457836,0.220054,0.328733,"LB and PL"
"NC_036851.1",30220000,0.329513,0.0427428,0.223038,0.329513,"LB and PL"
"NC_036851.1",30230000,0.328672,0.0359287,0.232777,0.328672,"LB and PL"
"NC_036851.1",30240000,0.328478,0.0242471,0.244618,0.328478,"LB and PL"
"NC_036851.1",30250000,0.312158,0.0171775,0.234511,0.312158,"LB and PL"
"NC_036851.1",30260000,0.345803,0.0460053,0.223515,0.345803,"LB and PL"
"NC_036852.1",9860000,0.281624,0.193806,0.204769,0.281624,"LB and PL"
"NC_036853.1",16470000,0.329311,0.0483277,0.202622,0.329311,"LB and PL"
"NC_036854.1",21870000,0.402312,0.0167963,0.248749,0.402312,"LB and PL"
"NC_036854.1",21880000,0.38315,0.042241,0.240372,0.38315,"LB and PL"
"NC_036854.1",21890000,0.362353,0.0238123,0.22551,0.362353,"LB and PL"
"NC_036854.1",21900000,0.300881,0.030026,0.203402,0.300881,"LB and PL"
"NC_036854.1",21910000,0.321685,0.0345851,0.218781,0.321685,"LB and PL"
"NC_036854.1",27910000,0.258614,0.290941,0.29203,0.29203,"LB and PL"
"NC_036854.1",27920000,0.234257,0.279911,0.272363,0.279911,"LB and PL"
"NC_036854.1",27930000,0.201747,0.264573,0.238839,0.264573,"LB and PL"
"NC_036855.1",48620000,0.257927,0.00798157,0.303987,0.303987,"LB and PL"
"NC_036855.1",48630000,0.277025,0,0.316871,0.316871,"LB and PL"
"NC_036855.1",48640000,0.223202,0,0.310849,0.310849,"LB and PL"
"NC_036856.1",17630000,0.230426,0.179522,0.201613,0.230426,"LB and PL"
"NC_036856.1",17640000,0.239012,0.2049,0.211406,0.239012,"LB and PL"
"NC_036856.1",17650000,0.222577,0.212858,0.229091,0.229091,"LB and PL"
"NC_036856.1",17660000,0.210723,0.22031,0.260126,0.260126,"LB and PL"
"NC_036856.1",17670000,0.210595,0.23666,0.257146,0.257146,"LB and PL"
"NC_036856.1",17680000,0.211043,0.228398,0.245138,0.245138,"LB and PL"
"NC_036856.1",17700000,0.20462,0.173885,0.203375,0.20462,"LB and PL"
"NC_036856.1",23530000,0.213759,0.179202,0.234672,0.234672,"LB and PL"
"NC_036856.1",23540000,0.223096,0.187225,0.236923,0.236923,"LB and PL"
"NC_036856.1",23550000,0.227887,0.187194,0.237086,0.237086,"LB and PL"
"NC_036856.1",23560000,0.257606,0.202819,0.248018,0.257606,"LB and PL"
"NC_036856.1",23570000,0.247711,0.190081,0.246585,0.247711,"LB and PL"
"NC_036856.1",23580000,0.311053,0.218853,0.278859,0.311053,"LB and PL"
"NC_036856.1",23590000,0.322486,0.215077,0.286241,0.322486,"LB and PL"
"NC_036856.1",23600000,0.316555,0.112357,0.210078,0.316555,"LB and PL"
"NC_036858.1",41800000,0.277591,0.30311,0.251297,0.30311,"LB and PL"
"NC_036858.1",41810000,0.277516,0.317972,0.293889,0.317972,"LB and PL"
"NC_036858.1",41820000,0.218948,0.253311,0.202893,0.253311,"LB and PL"
"NC_036858.1",41830000,0.229321,0.256694,0.20871,0.256694,"LB and PL"
"NC_036858.1",41840000,0.234613,0.265771,0.222603,0.265771,"LB and PL"
"NC_036858.1",41850000,0.223224,0.264256,0.223365,0.264256,"LB and PL"
"NC_036858.1",41860000,0.226214,0.276349,0.217385,0.276349,"LB and PL"
"NC_036858.1",41870000,0.216426,0.303018,0.219416,0.303018,"LB and PL"
"NC_036858.1",41880000,0.228827,0.280984,0.210529,0.280984,"LB and PL"
"NC_036858.1",65650000,0.236131,0.0116876,0.199498,0.236131,"LB and PL"
"NC_036858.1",65660000,0.244478,0.00976318,0.2065,0.244478,"LB and PL"
"NC_036858.1",65670000,0.246736,0.0113331,0.204582,0.246736,"LB and PL"
"NC_036859.1",11540000,0.21538,0.2655,0.296397,0.296397,"LB and PL"
"NC_036859.1",11550000,0.265854,0.301358,0.308702,0.308702,"LB and PL"
"NC_036859.1",11560000,0.278518,0.298197,0.22415,0.298197,"LB and PL"
"NC_036859.1",13680000,0.31091,0,0.395095,0.395095,"LB and PL"
"NC_036859.1",13690000,0.304874,0,0.399908,0.399908,"LB and PL"
"NC_036859.1",13700000,0.318177,0.00755593,0.412942,0.412942,"LB and PL"
"NC_036859.1",13710000,0.325828,0.0207832,0.446061,0.446061,"LB and PL"
"NC_036859.1",13720000,0.338467,0.0314439,0.450357,0.450357,"LB and PL"
"NC_036859.1",13730000,0.330926,0.0328931,0.418132,0.418132,"LB and PL"
"NC_036859.1",13740000,0.339717,0.0224998,0.422421,0.422421,"LB and PL"
"NC_036859.1",13750000,0.335588,0.0147865,0.409654,0.409654,"LB and PL"
"NC_036859.1",13760000,0.330067,0.0123237,0.404982,0.404982,"LB and PL"
"NC_036859.1",13770000,0.397887,0,0.496458,0.496458,"LB and PL"
"NC_036859.1",17120000,0.262336,0.0826832,0.221139,0.262336,"LB and PL"
"NC_036859.1",17130000,0.286665,0.120513,0.218526,0.286665,"LB and PL"
"NC_036859.1",17140000,0.350743,0.139503,0.244601,0.350743,"LB and PL"
"NC_036859.1",17150000,0.361619,0.1335,0.246805,0.361619,"LB and PL"
"NC_036859.1",17160000,0.382073,0.15491,0.225406,0.382073,"LB and PL"
"NC_036859.1",17170000,0.398588,0.16027,0.230289,0.398588,"LB and PL"
"NC_036859.1",17180000,0.399156,0.151357,0.255848,0.399156,"LB and PL"
"NC_036859.1",17190000,0.397768,0.154135,0.264263,0.397768,"LB and PL"
"NC_036859.1",17200000,0.389525,0.163943,0.260318,0.389525,"LB and PL"
"NC_036859.1",17210000,0.384646,0.169461,0.248267,0.384646,"LB and PL"
"NC_036859.1",17220000,0.373669,0.157663,0.244785,0.373669,"LB and PL"
"NC_036859.1",17230000,0.368251,0.136397,0.245267,0.368251,"LB and PL"
"NC_036859.1",17240000,0.354694,0.130259,0.240873,0.354694,"LB and PL"
"NC_036859.1",17250000,0.347835,0.125219,0.236014,0.347835,"LB and PL"
"NC_036859.1",17260000,0.30828,0.0665461,0.240284,0.30828,"LB and PL"
"NC_036859.1",17270000,0.211073,0,0.245301,0.245301,"LB and PL"
"NC_036860.1",19440000,0.280943,0.292419,0.235236,0.292419,"LB and PL"
"NC_036860.1",19450000,0.274307,0.319523,0.318112,0.319523,"LB and PL"
"NC_036860.1",19460000,0.273124,0.338834,0.35071,0.35071,"LB and PL"
"NC_036860.1",19470000,0.292958,0.344311,0.363772,0.363772,"LB and PL"
"NC_036860.1",19480000,0.302004,0.353522,0.353326,0.353522,"LB and PL"
"NC_036860.1",19490000,0.293959,0.34784,0.345822,0.34784,"LB and PL"
"NC_036860.1",19500000,0.335752,0.381949,0.369019,0.381949,"LB and PL"
"NC_036860.1",19510000,0.354787,0.361115,0.397194,0.397194,"LB and PL"
"NC_036860.1",19520000,0.351779,0.337086,0.369009,0.369009,"LB and PL"
"NC_036860.1",19530000,0.36111,0.335205,0.399718,0.399718,"LB and PL"
"NC_036860.1",19540000,0.296359,0.311932,0.357612,0.357612,"LB and PL"
"NC_036860.1",19550000,0.305182,0.300218,0.303737,0.305182,"LB and PL"
"NC_036860.1",19560000,0.302826,0.298961,0.308963,0.308963,"LB and PL"
"NC_036860.1",19570000,0.239914,0.273736,0.282193,0.282193,"LB and PL"
"NC_036860.1",19580000,0.23225,0.250373,0.266785,0.266785,"LB and PL"
"NC_036860.1",21520000,0.36533,0.287035,0.29959,0.36533,"LB and PL"
"NC_036860.1",51600000,0.203031,0.0640599,0.378824,0.378824,"LB and PL"
"NC_036860.1",51610000,0.220553,0.0578063,0.376678,0.376678,"LB and PL"
"NC_036860.1",51620000,0.209522,0.0264079,0.416672,0.416672,"LB and PL"
"NC_036863.1",28660000,0.205019,0.270332,0.341945,0.341945,"LB and PL"
"NC_036863.1",28670000,0.215902,0.277828,0.27646,0.277828,"LB and PL"
"NC_036863.1",28680000,0.249839,0.299949,0.276998,0.299949,"LB and PL"
"NC_036863.1",28690000,0.263325,0.316306,0.291079,0.316306,"LB and PL"
"NC_036863.1",28700000,0.254964,0.314721,0.295336,0.314721,"LB and PL"
"NC_036863.1",28710000,0.244918,0.296731,0.309388,0.309388,"LB and PL"
"NC_036863.1",28720000,0.232025,0.309019,0.315071,0.315071,"LB and PL"
"NC_036863.1",28730000,0.216537,0.306397,0.293141,0.306397,"LB and PL"
"NC_036863.1",28740000,0.23379,0.305915,0.287786,0.305915,"LB and PL"
"NC_036863.1",49560000,0.239627,0.085334,0.300825,0.300825,"LB and PL"
"NC_036863.1",49570000,0.316598,0.175811,0.290242,0.316598,"LB and PL"
"NC_036863.1",49580000,0.294185,0.170192,0.254078,0.294185,"LB and PL"
"NC_036863.1",49590000,0.310116,0.191689,0.27553,0.310116,"LB and PL"
"NC_036863.1",49600000,0.356539,0.252943,0.33842,0.356539,"LB and PL"
"NC_036863.1",49610000,0.356539,0.252943,0.33842,0.356539,"LB and PL"
"NC_036863.1",49620000,0.341064,0.19897,0.335642,0.341064,"LB and PL"
"NC_036863.1",49630000,0.247892,0.183182,0.206125,0.247892,"LB and PL"
"NC_036865.1",2650000,0.298374,0.206712,0.223066,0.298374,"LB and PL"
"NC_036865.1",2660000,0.301258,0.207336,0.230899,0.301258,"LB and PL"
"NC_036865.1",2670000,0.305183,0.205874,0.239091,0.305183,"LB and PL"
"NC_036865.1",2680000,0.306787,0.196282,0.251072,0.306787,"LB and PL"
"NC_036865.1",2690000,0.327074,0.232198,0.281037,0.327074,"LB and PL"
"NC_036865.1",2700000,0.336187,0.248485,0.29668,0.336187,"LB and PL"
"NC_036865.1",2710000,0.338644,0.226073,0.298742,0.338644,"LB and PL"
"NC_036865.1",2720000,0.334907,0.191397,0.313057,0.334907,"LB and PL"
"NC_036865.1",2730000,0.345653,0.125244,0.244389,0.345653,"LB and PL"
"NC_036865.1",2740000,0.346892,0.103748,0.218179,0.346892,"LB and PL"
"NC_036865.1",2750000,0.385765,0.0902635,0.22899,0.385765,"LB and PL"
"NC_036865.1",2760000,0.516564,0.0848205,0.364139,0.516564,"LB and PL"
"NC_036865.1",2770000,0.542001,0.0853473,0.376671,0.542001,"LB and PL"
"NC_036865.1",2780000,0.539318,0.0717197,0.34654,0.539318,"LB and PL"
"NC_036865.1",2790000,0.550093,0.0695787,0.363925,0.550093,"LB and PL"
"NC_036865.1",2800000,0.554708,0.0714253,0.367116,0.554708,"LB and PL"
"NC_036865.1",2810000,0.561436,0.0691179,0.370204,0.561436,"LB and PL"
"NC_036865.1",2820000,0.565458,0.0662861,0.366213,0.565458,"LB and PL"
"NC_036865.1",2830000,0.56727,0.0752569,0.382664,0.56727,"LB and PL"
"NC_036865.1",2840000,0.564628,0.0878954,0.388977,0.564628,"LB and PL"
"NC_036865.1",2850000,0.555926,0.10043,0.387062,0.555926,"LB and PL"
"NC_036865.1",2860000,0.530943,0.0994902,0.339554,0.530943,"LB and PL"
"NC_036865.1",2870000,0.502001,0.103017,0.31329,0.502001,"LB and PL"
"NC_036865.1",2880000,0.494966,0.147365,0.372848,0.494966,"LB and PL"
"NC_036865.1",2890000,0.445015,0.139605,0.299053,0.445015,"LB and PL"
"NC_036867.1",1510000,0.203137,0.278409,0.280859,0.280859,"LB and PL"
"NC_036867.1",1520000,0.202088,0.260164,0.278376,0.278376,"LB and PL"
"NC_036867.1",1530000,0.200956,0.273572,0.287986,0.287986,"LB and PL"
"NC_036867.1",1540000,0.279339,0.311552,0.330943,0.330943,"LB and PL"
"NC_036867.1",1550000,0.290206,0.269006,0.303563,0.303563,"LB and PL"
"NC_036867.1",1560000,0.301014,0.250874,0.289672,0.301014,"LB and PL"
"NC_036867.1",1570000,0.343071,0.247618,0.286125,0.343071,"LB and PL"
"NC_036867.1",1580000,0.36327,0.235633,0.289307,0.36327,"LB and PL"
"NC_036867.1",1590000,0.372373,0.207016,0.275901,0.372373,"LB and PL"
"NC_036867.1",1600000,0.339201,0.10094,0.202713,0.339201,"LB and PL"
"NC_036867.1",13340000,0.237408,0.23897,0.249288,0.249288,"LB and PL"
"NC_036867.1",13350000,0.248295,0.267587,0.243819,0.267587,"LB and PL"
"NC_036867.1",13360000,0.225223,0.208032,0.227027,0.227027,"LB and PL"
"NC_036867.1",13370000,0.231113,0.224465,0.240911,0.240911,"LB and PL"
"NC_036867.1",22360000,0.319655,0,0.214131,0.319655,"LB and PL"
"NC_036867.1",22370000,0.36323,0.0207489,0.225626,0.36323,"LB and PL"
"NC_036867.1",22380000,0.387582,0.0319119,0.245491,0.387582,"LB and PL"
"NC_036867.1",22390000,0.386565,0.0608534,0.232876,0.386565,"LB and PL"
"NC_036867.1",22400000,0.356329,0.0523328,0.21453,0.356329,"LB and PL"
"NC_036868.1",3110000,0.372511,0.319556,0.336557,0.372511,"LB and PL"
"NC_036868.1",3120000,0.356413,0.323834,0.334822,0.356413,"LB and PL"
"NC_036868.1",3130000,0.300559,0.319922,0.322337,0.322337,"LB and PL"
"NC_036868.1",3140000,0.292661,0.315693,0.318121,0.318121,"LB and PL"
"NC_036868.1",3150000,0.287168,0.310374,0.315336,0.315336,"LB and PL"
"NC_036868.1",3160000,0.282361,0.306182,0.30165,0.306182,"LB and PL"
"NC_036868.1",3170000,0.232722,0.286045,0.260278,0.286045,"LB and PL"
"NC_036870.1",430000,0.232642,0.339911,0.3627,0.3627,"LB and PL"
"NC_036870.1",440000,0.250512,0.38059,0.357305,0.38059,"LB and PL"
"NC_036870.1",450000,0.289402,0.417798,0.380549,0.417798,"LB and PL"
"NC_036870.1",460000,0.300783,0.421699,0.383139,0.421699,"LB and PL"
"NC_036870.1",470000,0.321916,0.441047,0.395956,0.441047,"LB and PL"
"NC_036870.1",480000,0.331869,0.442933,0.402319,0.442933,"LB and PL"
"NC_036870.1",490000,0.39345,0.457479,0.415192,0.457479,"LB and PL"
"NC_036870.1",5e+05,0.394668,0.422293,0.415008,0.422293,"LB and PL"
"NC_036870.1",510000,0.436009,0.413114,0.428832,0.436009,"LB and PL"
"NC_036870.1",520000,0.427633,0.403489,0.425275,0.427633,"LB and PL"
"NC_036870.1",530000,0.366815,0.335011,0.379148,0.379148,"LB and PL"
"NC_036870.1",540000,0.368945,0.320325,0.376907,0.376907,"LB and PL"
"NC_036870.1",550000,0.363397,0.252874,0.354692,0.363397,"LB and PL"
"NC_036870.1",560000,0.357497,0.206244,0.338247,0.357497,"LB and PL"
"NC_036870.1",570000,0.353812,0.156208,0.295813,0.353812,"LB and PL"
"NC_036870.1",580000,0.355447,0.157137,0.284393,0.355447,"LB and PL"
"NC_036870.1",590000,0.326803,0.118617,0.259561,0.326803,"LB and PL"
"NC_036870.1",6e+05,0.314639,0.0942244,0.20634,0.314639,"LB and PL"
"NC_036870.1",7550000,0.249657,0.293397,0.255339,0.293397,"LB and PL"
"NC_036870.1",7560000,0.272816,0.318101,0.298762,0.318101,"LB and PL"
"NC_036870.1",7570000,0.28056,0.329286,0.313904,0.329286,"LB and PL"
"NC_036870.1",7580000,0.28833,0.344549,0.339162,0.344549,"LB and PL"
"NC_036870.1",7590000,0.366818,0.402156,0.410719,0.410719,"LB and PL"
"NC_036870.1",7600000,0.368208,0.379887,0.399202,0.399202,"LB and PL"
"NC_036870.1",7610000,0.370545,0.355139,0.369105,0.370545,"LB and PL"
"NC_036870.1",7620000,0.366139,0.328575,0.326017,0.366139,"LB and PL"
"NC_036870.1",7630000,0.320452,0.287302,0.282885,0.320452,"LB and PL"
"NC_036870.1",7640000,0.304834,0.27814,0.265759,0.304834,"LB and PL"
"NC_036870.1",7650000,0.27359,0.241301,0.224878,0.27359,"LB and PL"
"NC_036871.1",16740000,0.350685,0.316735,0.20739,0.350685,"LB and PL"
"NC_036871.1",18040000,0.282715,0.216911,0.325916,0.325916,"LB and PL"
"NC_036871.1",18050000,0.338109,0.332154,0.341728,0.341728,"LB and PL"
"NC_036871.1",18060000,0.37796,0.386685,0.350172,0.386685,"LB and PL"
"NC_036871.1",18070000,0.415997,0.444115,0.362891,0.444115,"LB and PL"
"NC_036871.1",18080000,0.412719,0.445792,0.33394,0.445792,"LB and PL"
"NC_036871.1",18090000,0.42647,0.460208,0.328023,0.460208,"LB and PL"
"NC_036871.1",18100000,0.425012,0.453073,0.325206,0.453073,"LB and PL"
"NC_036871.1",18110000,0.422939,0.45463,0.309307,0.45463,"LB and PL"
"NC_036871.1",18120000,0.433242,0.461982,0.310033,0.461982,"LB and PL"
"NC_036871.1",18130000,0.448898,0.473506,0.289523,0.473506,"LB and PL"
"NC_036872.1",6940000,0.308536,0.0568098,0.202589,0.308536,"LB and PL"
"NC_036872.1",6950000,0.309481,0.0575479,0.202235,0.309481,"LB and PL"
"NC_036872.1",9040000,0.225897,0.0488495,0.224135,0.225897,"LB and PL"
"NC_036875.1",30470000,0.295738,0.0180386,0.248696,0.295738,"LB and PL"
"NC_036875.1",30480000,0.283632,0.018391,0.238479,0.283632,"LB and PL"
"NC_036875.1",30490000,0.299068,0.0171519,0.257455,0.299068,"LB and PL"
"NC_036875.1",30500000,0.364234,0.0178316,0.300432,0.364234,"LB and PL"
"NC_036875.1",30510000,0.385314,0.0262736,0.293808,0.385314,"LB and PL"
"NC_036875.1",30520000,0.371171,0.0301276,0.288785,0.371171,"LB and PL"
"NC_036875.1",30530000,0.349332,0.0299188,0.257975,0.349332,"LB and PL"
"NC_036875.1",30540000,0.340169,0.0222257,0.247292,0.340169,"LB and PL"
"NC_036875.1",30550000,0.320587,0.0288578,0.237813,0.320587,"LB and PL"
"NC_036875.1",30560000,0.329933,0.0373674,0.236014,0.329933,"LB and PL"
"NC_036875.1",30570000,0.382469,0.0548303,0.272288,0.382469,"LB and PL"
"NC_036875.1",30580000,0.371544,0.0528986,0.261165,0.371544,"LB and PL"
"NC_036875.1",30590000,0.372387,0.04925,0.253549,0.372387,"LB and PL"
"NC_036875.1",30600000,0.343024,0.0571287,0.238953,0.343024,"LB and PL"
"NC_036875.1",30610000,0.341611,0.0440322,0.232131,0.341611,"LB and PL"
"NC_036875.1",30620000,0.359623,0.0433019,0.248615,0.359623,"LB and PL"
"NC_036875.1",30630000,0.372279,0.0513219,0.275254,0.372279,"LB and PL"
"NC_036875.1",30640000,0.340561,0.0500905,0.261791,0.340561,"LB and PL"
"NC_036875.1",30650000,0.360383,0.0413798,0.27703,0.360383,"LB and PL"
"NC_036875.1",30660000,0.347162,0.0330651,0.272734,0.347162,"LB and PL"
"NC_036875.1",30670000,0.364497,0.0184303,0.274591,0.364497,"LB and PL"
"NC_036875.1",30680000,0.346684,0.0180246,0.267987,0.346684,"LB and PL"
"NC_036875.1",30690000,0.346537,0.00517379,0.269656,0.346537,"LB and PL"
"NC_036875.1",30700000,0.303874,0,0.237288,0.303874,"LB and PL"
"NC_036875.1",30710000,0.321713,0.00171144,0.258483,0.321713,"LB and PL"
"NC_036875.1",30720000,0.300962,0.00351587,0.231298,0.300962,"LB and PL"
"NC_036875.1",30730000,0.274391,0.00507155,0.204763,0.274391,"LB and PL"
"NC_036875.1",30740000,0.300359,0.0102842,0.210489,0.300359,"LB and PL"
"NC_036875.1",30750000,0.290881,0.0210562,0.205333,0.290881,"LB and PL"
"NC_036875.1",30800000,0.256456,0.0503522,0.205987,0.256456,"LB and PL"
"NC_036839.1",1150000,0.25016,0.242216,0.292095,0.292095,"SB and PL"
"NC_036839.1",1160000,0.25944,0.26292,0.288512,0.288512,"SB and PL"
"NC_036839.1",1170000,0.2496,0.258148,0.281313,0.281313,"SB and PL"
"NC_036839.1",1180000,0.261552,0.291345,0.288244,0.291345,"SB and PL"
"NC_036839.1",1190000,0.277822,0.302094,0.324992,0.324992,"SB and PL"
"NC_036839.1",1200000,0.284643,0.305752,0.339455,0.339455,"SB and PL"
"NC_036839.1",1210000,0.31762,0.348135,0.364532,0.364532,"SB and PL"
"NC_036839.1",1220000,0.314249,0.346196,0.365361,0.365361,"SB and PL"
"NC_036839.1",1230000,0.306444,0.341324,0.366746,0.366746,"SB and PL"
"NC_036839.1",1240000,0.288223,0.344554,0.388175,0.388175,"SB and PL"
"NC_036839.1",1250000,0.165001,0.275544,0.360014,0.360014,"SB and PL"
"NC_036839.1",37910000,0.243187,0.308658,0.22163,0.308658,"SB and PL"
"NC_036839.1",37920000,0.303175,0.339715,0.268501,0.339715,"SB and PL"
"NC_036839.1",37930000,0.295814,0.32928,0.244205,0.32928,"SB and PL"
"NC_036839.1",37940000,0.276413,0.293094,0.215291,0.293094,"SB and PL"
"NC_036839.1",37950000,0.278489,0.294915,0.212488,0.294915,"SB and PL"
"NC_036839.1",37960000,0.318785,0.258123,0.310065,0.318785,"SB and PL"
"NC_036839.1",37970000,0.322334,0.257703,0.330316,0.330316,"SB and PL"
"NC_036839.1",37980000,0.32618,0.257946,0.323661,0.32618,"SB and PL"
"NC_036839.1",37990000,0.316786,0.245452,0.299216,0.316786,"SB and PL"
"NC_036839.1",3.8e+07,0.316786,0.245452,0.299216,0.316786,"SB and PL"
"NC_036839.1",38010000,0.317366,0.239811,0.302297,0.317366,"SB and PL"
"NC_036839.1",38020000,0.304757,0.219903,0.304462,0.304757,"SB and PL"
"NC_036839.1",38030000,0.307574,0.217494,0.310976,0.310976,"SB and PL"
"NC_036840.1",34290000,0.154857,0.247174,0.244949,0.247174,"SB and PL"
"NC_036840.1",34300000,0.154642,0.242481,0.222001,0.242481,"SB and PL"
"NC_036841.1",9720000,0.0149539,0.260707,0.423127,0.423127,"SB and PL"
"NC_036841.1",9730000,0.0376563,0.203341,0.349551,0.349551,"SB and PL"
"NC_036841.1",9740000,0.0727484,0.214982,0.33015,0.33015,"SB and PL"
"NC_036841.1",9750000,0.0806128,0.2412,0.30418,0.30418,"SB and PL"
"NC_036841.1",9760000,0.111836,0.251248,0.259666,0.259666,"SB and PL"
"NC_036841.1",9890000,0.202582,0.235541,0.205347,0.235541,"SB and PL"
"NC_036841.1",9900000,0.250778,0.30494,0.264459,0.30494,"SB and PL"
"NC_036841.1",9910000,0.232831,0.291807,0.211011,0.291807,"SB and PL"
"NC_036842.1",41240000,0.425563,0.271948,0.234975,0.425563,"SB and PL"
"NC_036842.1",41250000,0.39286,0.269112,0.214756,0.39286,"SB and PL"
"NC_036842.1",41260000,0.416783,0.260189,0.2284,0.416783,"SB and PL"
"NC_036842.1",41270000,0.394772,0.245256,0.222688,0.394772,"SB and PL"
"NC_036842.1",51170000,0.303326,0.246194,0.201748,0.303326,"SB and PL"
"NC_036842.1",51180000,0.304672,0.261308,0.267291,0.304672,"SB and PL"
"NC_036842.1",51190000,0.278412,0.222478,0.274798,0.278412,"SB and PL"
"NC_036842.1",51200000,0.256705,0.218965,0.277536,0.277536,"SB and PL"
"NC_036842.1",53980000,0.262244,0.244833,0.21711,0.262244,"SB and PL"
"NC_036842.1",53990000,0.335356,0.298852,0.281649,0.335356,"SB and PL"
"NC_036842.1",5.4e+07,0.305816,0.269013,0.232504,0.305816,"SB and PL"
"NC_036842.1",54010000,0.298316,0.255446,0.217777,0.298316,"SB and PL"
"NC_036842.1",54020000,0.293926,0.248587,0.215561,0.293926,"SB and PL"
"NC_036842.1",54030000,0.305722,0.258311,0.237689,0.305722,"SB and PL"
"NC_036842.1",54040000,0.28677,0.240679,0.215601,0.28677,"SB and PL"
"NC_036842.1",54050000,0.301542,0.25353,0.22837,0.301542,"SB and PL"
"NC_036842.1",54060000,0.293948,0.232141,0.207757,0.293948,"SB and PL"
"NC_036842.1",59940000,0,0.23092,0.340886,0.340886,"SB and PL"
"NC_036842.1",59950000,0,0.31679,0.414217,0.414217,"SB and PL"
"NC_036842.1",59960000,0.00241892,0.393622,0.512743,0.512743,"SB and PL"
"NC_036842.1",59970000,0.000355233,0.384721,0.506519,0.506519,"SB and PL"
"NC_036842.1",59980000,0,0.364735,0.47954,0.47954,"SB and PL"
"NC_036842.1",59990000,0,0.374027,0.493008,0.493008,"SB and PL"
"NC_036842.1",6e+07,0,0.365676,0.473782,0.473782,"SB and PL"
"NC_036842.1",60010000,0.00194302,0.353742,0.470059,0.470059,"SB and PL"
"NC_036842.1",60020000,0,0.34982,0.451324,0.451324,"SB and PL"
"NC_036842.1",60030000,0.0054506,0.31206,0.39804,0.39804,"SB and PL"
"NC_036842.1",60040000,0.0287536,0.247044,0.313985,0.313985,"SB and PL"
"NC_036842.1",66450000,0,0.260248,0.260248,0.260248,"SB and PL"
"NC_036842.1",66460000,0,0.260248,0.260248,0.260248,"SB and PL"
"NC_036842.1",66470000,0,0.260248,0.260248,0.260248,"SB and PL"
"NC_036842.1",67880000,0.0148684,0.223494,0.277367,0.277367,"SB and PL"
"NC_036842.1",67890000,0.0420492,0.31859,0.435849,0.435849,"SB and PL"
"NC_036842.1",67900000,0.0333611,0.313344,0.469795,0.469795,"SB and PL"
"NC_036842.1",67910000,0.0409741,0.307816,0.489648,0.489648,"SB and PL"
"NC_036842.1",67920000,0.0215761,0.283943,0.487201,0.487201,"SB and PL"
"NC_036842.1",67930000,0.0024349,0.273973,0.471885,0.471885,"SB and PL"
"NC_036842.1",67940000,0.00214316,0.277889,0.481533,0.481533,"SB and PL"
"NC_036842.1",67950000,0,0.265116,0.48736,0.48736,"SB and PL"
"NC_036842.1",67960000,0,0.241569,0.462147,0.462147,"SB and PL"
"NC_036842.1",68470000,0.449822,0.373146,0.220606,0.449822,"SB and PL"
"NC_036842.1",68480000,0.384525,0.377665,0.278069,0.384525,"SB and PL"
"NC_036843.1",6880000,0.326961,0.210806,0.242795,0.326961,"SB and PL"
"NC_036843.1",6890000,0.224005,0.209731,0.361335,0.361335,"SB and PL"
"NC_036844.1",9380000,0.280199,0.234401,0.200066,0.280199,"SB and PL"
"NC_036844.1",9420000,0.251464,0.216149,0.200569,0.251464,"SB and PL"
"NC_036844.1",9430000,0.233457,0.204998,0.2063,0.233457,"SB and PL"
"NC_036845.1",28610000,0.264166,0.35883,0.305387,0.35883,"SB and PL"
"NC_036845.1",28620000,0.299436,0.373983,0.345009,0.373983,"SB and PL"
"NC_036845.1",28630000,0.387697,0.476876,0.410201,0.476876,"SB and PL"
"NC_036845.1",28640000,0.385831,0.4743,0.401288,0.4743,"SB and PL"
"NC_036845.1",28650000,0.41006,0.420123,0.426833,0.426833,"SB and PL"
"NC_036845.1",28660000,0.374868,0.432564,0.435312,0.435312,"SB and PL"
"NC_036845.1",28670000,0.375352,0.409325,0.429471,0.429471,"SB and PL"
"NC_036845.1",28680000,0.356207,0.411313,0.413592,0.413592,"SB and PL"
"NC_036845.1",28690000,0.342704,0.398965,0.393961,0.398965,"SB and PL"
"NC_036845.1",28700000,0.347083,0.393892,0.393628,0.393892,"SB and PL"
"NC_036845.1",28710000,0.260015,0.289153,0.281576,0.289153,"SB and PL"
"NC_036846.1",1990000,0.00648077,0.221866,0.351673,0.351673,"SB and PL"
"NC_036846.1",2e+06,0,0.202666,0.342031,0.342031,"SB and PL"
"NC_036846.1",2010000,0.00216911,0.207551,0.348552,0.348552,"SB and PL"
"NC_036847.1",440000,0.0389113,0.203533,0.356957,0.356957,"SB and PL"
"NC_036847.1",450000,0.0414338,0.200732,0.35559,0.35559,"SB and PL"
"NC_036847.1",470000,0.0528289,0.25731,0.49145,0.49145,"SB and PL"
"NC_036847.1",480000,0.0234481,0.275319,0.460227,0.460227,"SB and PL"
"NC_036847.1",490000,0.00493951,0.237498,0.419483,0.419483,"SB and PL"
"NC_036847.1",5e+05,0,0.23278,0.412005,0.412005,"SB and PL"
"NC_036847.1",5850000,0.236046,0.275759,0.236526,0.275759,"SB and PL"
"NC_036847.1",5860000,0.245916,0.30108,0.271441,0.30108,"SB and PL"
"NC_036847.1",5870000,0.284334,0.318508,0.304773,0.318508,"SB and PL"
"NC_036847.1",5880000,0.310357,0.337486,0.334943,0.337486,"SB and PL"
"NC_036847.1",5890000,0.307113,0.342668,0.347915,0.347915,"SB and PL"
"NC_036847.1",5900000,0.323401,0.354974,0.37912,0.37912,"SB and PL"
"NC_036847.1",5910000,0.304958,0.346976,0.389369,0.389369,"SB and PL"
"NC_036847.1",5920000,0.27677,0.32482,0.384156,0.384156,"SB and PL"
"NC_036847.1",5930000,0.261555,0.304134,0.348677,0.348677,"SB and PL"
"NC_036847.1",5940000,0.24456,0.286596,0.336773,0.336773,"SB and PL"
"NC_036847.1",5950000,0.227461,0.27568,0.328813,0.328813,"SB and PL"
"NC_036847.1",5960000,0.2136,0.254122,0.313604,0.313604,"SB and PL"
"NC_036847.1",5970000,0.194167,0.227551,0.307269,0.307269,"SB and PL"
"NC_036847.1",11740000,0.179364,0.263656,0.213277,0.263656,"SB and PL"
"NC_036847.1",11770000,0.357511,0.305812,0.251977,0.357511,"SB and PL"
"NC_036847.1",11780000,0.379165,0.298356,0.241171,0.379165,"SB and PL"
"NC_036847.1",11790000,0.37438,0.280871,0.220986,0.37438,"SB and PL"
"NC_036847.1",24870000,0,0.234761,0.309811,0.309811,"SB and PL"
"NC_036847.1",24880000,0,0.219557,0.329498,0.329498,"SB and PL"
"NC_036847.1",24890000,0,0.233136,0.351905,0.351905,"SB and PL"
"NC_036847.1",24900000,0,0.234835,0.338915,0.338915,"SB and PL"
"NC_036847.1",24910000,0.0012069,0.206394,0.316713,0.316713,"SB and PL"
"NC_036848.1",15280000,0.0262087,0.319984,0.204795,0.319984,"SB and PL"
"NC_036848.1",15290000,0.0131187,0.296458,0.204324,0.296458,"SB and PL"
"NC_036848.1",15300000,0.0408143,0.308902,0.216505,0.308902,"SB and PL"
"NC_036848.1",15310000,0.039651,0.303555,0.210325,0.303555,"SB and PL"
"NC_036848.1",15320000,0.0157957,0.270292,0.229858,0.270292,"SB and PL"
"NC_036848.1",15330000,0.0192644,0.358911,0.280883,0.358911,"SB and PL"
"NC_036848.1",15340000,0.0262115,0.36758,0.292185,0.36758,"SB and PL"
"NC_036848.1",15350000,0.0307061,0.347216,0.286106,0.347216,"SB and PL"
"NC_036848.1",15360000,0.0802686,0.32349,0.26194,0.32349,"SB and PL"
"NC_036848.1",54890000,0.849057,0.641649,0.372862,0.849057,"SB and PL"
"NC_036849.1",9030000,0.311079,0.356309,0.324234,0.356309,"SB and PL"
"NC_036849.1",9040000,0.285888,0.341617,0.342321,0.342321,"SB and PL"
"NC_036849.1",9050000,0.284114,0.343419,0.341271,0.343419,"SB and PL"
"NC_036849.1",9060000,0.302641,0.338963,0.304689,0.338963,"SB and PL"
"NC_036849.1",9070000,0.299407,0.32797,0.280671,0.32797,"SB and PL"
"NC_036849.1",9080000,0.315777,0.320778,0.252633,0.320778,"SB and PL"
"NC_036849.1",9090000,0.337078,0.314069,0.237575,0.337078,"SB and PL"
"NC_036849.1",9100000,0.290411,0.27455,0.21116,0.290411,"SB and PL"
"NC_036849.1",9110000,0.292005,0.278517,0.214659,0.292005,"SB and PL"
"NC_036851.1",15250000,0.282269,0.364614,0.313469,0.364614,"SB and PL"
"NC_036851.1",15260000,0.274947,0.343104,0.294738,0.343104,"SB and PL"
"NC_036851.1",15270000,0.212005,0.307148,0.24568,0.307148,"SB and PL"
"NC_036851.1",15280000,0.232993,0.332197,0.232863,0.332197,"SB and PL"
"NC_036854.1",27910000,0.258614,0.290941,0.29203,0.29203,"SB and PL"
"NC_036854.1",27920000,0.234257,0.279911,0.272363,0.279911,"SB and PL"
"NC_036854.1",27930000,0.201747,0.264573,0.238839,0.264573,"SB and PL"
"NC_036854.1",27940000,0.186397,0.247726,0.255311,0.255311,"SB and PL"
"NC_036854.1",27950000,0.168866,0.210354,0.207472,0.210354,"SB and PL"
"NC_036854.1",51110000,0.108811,0.213692,0.224815,0.224815,"SB and PL"
"NC_036854.1",51120000,0.101858,0.250342,0.252381,0.252381,"SB and PL"
"NC_036854.1",51130000,0.0915789,0.282935,0.276605,0.282935,"SB and PL"
"NC_036854.1",51140000,0.0896002,0.302158,0.28249,0.302158,"SB and PL"
"NC_036854.1",51150000,0.0809745,0.352207,0.30243,0.352207,"SB and PL"
"NC_036854.1",51160000,0.0748774,0.39313,0.320466,0.39313,"SB and PL"
"NC_036854.1",51170000,0.0991268,0.4125,0.324317,0.4125,"SB and PL"
"NC_036854.1",51180000,0.0627626,0.406731,0.318862,0.406731,"SB and PL"
"NC_036854.1",51190000,0.0466226,0.397171,0.309276,0.397171,"SB and PL"
"NC_036854.1",51200000,0.0477707,0.449468,0.338287,0.449468,"SB and PL"
"NC_036854.1",51210000,0.0456353,0.448227,0.330975,0.448227,"SB and PL"
"NC_036855.1",22580000,0,0.219432,0.2543,0.2543,"SB and PL"
"NC_036855.1",22590000,0,0.200937,0.239914,0.239914,"SB and PL"
"NC_036855.1",22600000,0,0.205154,0.253807,0.253807,"SB and PL"
"NC_036855.1",22610000,0,0.204099,0.250659,0.250659,"SB and PL"
"NC_036855.1",22620000,0,0.213604,0.265758,0.265758,"SB and PL"
"NC_036855.1",37480000,0.155809,0.34883,0.21687,0.34883,"SB and PL"
"NC_036855.1",37490000,0.131202,0.338241,0.203311,0.338241,"SB and PL"
"NC_036855.1",37510000,0.149938,0.368493,0.208272,0.368493,"SB and PL"
"NC_036855.1",37520000,0.161722,0.368669,0.219175,0.368669,"SB and PL"
"NC_036855.1",37530000,0.134732,0.363545,0.219714,0.363545,"SB and PL"
"NC_036856.1",17640000,0.239012,0.2049,0.211406,0.239012,"SB and PL"
"NC_036856.1",17650000,0.222577,0.212858,0.229091,0.229091,"SB and PL"
"NC_036856.1",17660000,0.210723,0.22031,0.260126,0.260126,"SB and PL"
"NC_036856.1",17670000,0.210595,0.23666,0.257146,0.257146,"SB and PL"
"NC_036856.1",17680000,0.211043,0.228398,0.245138,0.245138,"SB and PL"
"NC_036856.1",23560000,0.257606,0.202819,0.248018,0.257606,"SB and PL"
"NC_036856.1",23580000,0.311053,0.218853,0.278859,0.311053,"SB and PL"
"NC_036856.1",23590000,0.322486,0.215077,0.286241,0.322486,"SB and PL"
"NC_036858.1",41800000,0.277591,0.30311,0.251297,0.30311,"SB and PL"
"NC_036858.1",41810000,0.277516,0.317972,0.293889,0.317972,"SB and PL"
"NC_036858.1",41820000,0.218948,0.253311,0.202893,0.253311,"SB and PL"
"NC_036858.1",41830000,0.229321,0.256694,0.20871,0.256694,"SB and PL"
"NC_036858.1",41840000,0.234613,0.265771,0.222603,0.265771,"SB and PL"
"NC_036858.1",41850000,0.223224,0.264256,0.223365,0.264256,"SB and PL"
"NC_036858.1",41860000,0.226214,0.276349,0.217385,0.276349,"SB and PL"
"NC_036858.1",41870000,0.216426,0.303018,0.219416,0.303018,"SB and PL"
"NC_036858.1",41880000,0.228827,0.280984,0.210529,0.280984,"SB and PL"
"NC_036859.1",11530000,0.127308,0.214751,0.20683,0.214751,"SB and PL"
"NC_036859.1",11540000,0.21538,0.2655,0.296397,0.296397,"SB and PL"
"NC_036859.1",11550000,0.265854,0.301358,0.308702,0.308702,"SB and PL"
"NC_036859.1",11560000,0.278518,0.298197,0.22415,0.298197,"SB and PL"
"NC_036859.1",17370000,0,0.307993,0.403061,0.403061,"SB and PL"
"NC_036859.1",17380000,0.0286826,0.262985,0.330086,0.330086,"SB and PL"
"NC_036859.1",17390000,0.0309747,0.242933,0.31662,0.31662,"SB and PL"
"NC_036860.1",19440000,0.280943,0.292419,0.235236,0.292419,"SB and PL"
"NC_036860.1",19450000,0.274307,0.319523,0.318112,0.319523,"SB and PL"
"NC_036860.1",19460000,0.273124,0.338834,0.35071,0.35071,"SB and PL"
"NC_036860.1",19470000,0.292958,0.344311,0.363772,0.363772,"SB and PL"
"NC_036860.1",19480000,0.302004,0.353522,0.353326,0.353522,"SB and PL"
"NC_036860.1",19490000,0.293959,0.34784,0.345822,0.34784,"SB and PL"
"NC_036860.1",19500000,0.335752,0.381949,0.369019,0.381949,"SB and PL"
"NC_036860.1",19510000,0.354787,0.361115,0.397194,0.397194,"SB and PL"
"NC_036860.1",19520000,0.351779,0.337086,0.369009,0.369009,"SB and PL"
"NC_036860.1",19530000,0.36111,0.335205,0.399718,0.399718,"SB and PL"
"NC_036860.1",19540000,0.296359,0.311932,0.357612,0.357612,"SB and PL"
"NC_036860.1",19550000,0.305182,0.300218,0.303737,0.305182,"SB and PL"
"NC_036860.1",19560000,0.302826,0.298961,0.308963,0.308963,"SB and PL"
"NC_036860.1",19570000,0.239914,0.273736,0.282193,0.282193,"SB and PL"
"NC_036860.1",19580000,0.23225,0.250373,0.266785,0.266785,"SB and PL"
"NC_036860.1",19590000,0.17554,0.209263,0.218546,0.218546,"SB and PL"
"NC_036860.1",21520000,0.36533,0.287035,0.29959,0.36533,"SB and PL"
"NC_036861.1",50000,0.0534556,0.238083,0.379513,0.379513,"SB and PL"
"NC_036861.1",60000,0.0528839,0.23944,0.381071,0.381071,"SB and PL"
"NC_036861.1",70000,0.0568057,0.229612,0.372062,0.372062,"SB and PL"
"NC_036861.1",80000,0.0707915,0.241493,0.386388,0.386388,"SB and PL"
"NC_036861.1",90000,0.0671395,0.245496,0.365223,0.365223,"SB and PL"
"NC_036861.1",1e+05,0.0499609,0.250715,0.360551,0.360551,"SB and PL"
"NC_036861.1",110000,0.0396106,0.241144,0.341348,0.341348,"SB and PL"
"NC_036861.1",120000,0.0267225,0.310687,0.399206,0.399206,"SB and PL"
"NC_036861.1",130000,0.0232815,0.31663,0.401131,0.401131,"SB and PL"
"NC_036861.1",140000,0.0309522,0.338352,0.423887,0.423887,"SB and PL"
"NC_036861.1",150000,0.0260706,0.331157,0.41297,0.41297,"SB and PL"
"NC_036861.1",160000,0.0306693,0.32724,0.420949,0.420949,"SB and PL"
"NC_036861.1",170000,0.024421,0.34732,0.431452,0.431452,"SB and PL"
"NC_036861.1",180000,0.0107193,0.333429,0.402844,0.402844,"SB and PL"
"NC_036861.1",190000,0.0064398,0.329963,0.405327,0.405327,"SB and PL"
"NC_036861.1",2e+05,0.008656,0.32598,0.393783,0.393783,"SB and PL"
"NC_036861.1",210000,0.00640053,0.267961,0.314458,0.314458,"SB and PL"
"NC_036861.1",220000,0.0078998,0.233886,0.275132,0.275132,"SB and PL"
"NC_036861.1",230000,0.00989763,0.216893,0.256126,0.256126,"SB and PL"
"NC_036863.1",9830000,0.0174563,0.467939,0.200652,0.467939,"SB and PL"
"NC_036863.1",9850000,0.0141623,0.481933,0.22046,0.481933,"SB and PL"
"NC_036863.1",9870000,0.0322216,0.438375,0.212824,0.438375,"SB and PL"
"NC_036863.1",9880000,0.022955,0.478066,0.233181,0.478066,"SB and PL"
"NC_036863.1",9890000,0.00182681,0.461764,0.228225,0.461764,"SB and PL"
"NC_036863.1",28630000,0.142126,0.212842,0.369003,0.369003,"SB and PL"
"NC_036863.1",28640000,0.160844,0.228626,0.353675,0.353675,"SB and PL"
"NC_036863.1",28650000,0.176711,0.244318,0.362103,0.362103,"SB and PL"
"NC_036863.1",28660000,0.205019,0.270332,0.341945,0.341945,"SB and PL"
"NC_036863.1",28670000,0.215902,0.277828,0.27646,0.277828,"SB and PL"
"NC_036863.1",28680000,0.249839,0.299949,0.276998,0.299949,"SB and PL"
"NC_036863.1",28690000,0.263325,0.316306,0.291079,0.316306,"SB and PL"
"NC_036863.1",28700000,0.254964,0.314721,0.295336,0.314721,"SB and PL"
"NC_036863.1",28710000,0.244918,0.296731,0.309388,0.309388,"SB and PL"
"NC_036863.1",28720000,0.232025,0.309019,0.315071,0.315071,"SB and PL"
"NC_036863.1",28730000,0.216537,0.306397,0.293141,0.306397,"SB and PL"
"NC_036863.1",28740000,0.23379,0.305915,0.287786,0.305915,"SB and PL"
"NC_036863.1",28750000,0.180513,0.262489,0.210402,0.262489,"SB and PL"
"NC_036863.1",28770000,0.166246,0.242125,0.213377,0.242125,"SB and PL"
"NC_036863.1",37390000,0.00579524,0.25021,0.407243,0.407243,"SB and PL"
"NC_036863.1",37400000,0.00343005,0.262228,0.391123,0.391123,"SB and PL"
"NC_036863.1",37410000,0.00440298,0.24665,0.412663,0.412663,"SB and PL"
"NC_036863.1",37420000,0.0039701,0.260122,0.40669,0.40669,"SB and PL"
"NC_036863.1",37430000,0.0225895,0.255343,0.408448,0.408448,"SB and PL"
"NC_036863.1",37440000,0.0212942,0.247536,0.395077,0.395077,"SB and PL"
"NC_036863.1",37450000,0.0104683,0.237531,0.387938,0.387938,"SB and PL"
"NC_036863.1",37460000,0,0.28294,0.423472,0.423472,"SB and PL"
"NC_036863.1",37470000,0.0109668,0.281881,0.396693,0.396693,"SB and PL"
"NC_036863.1",37480000,0.0296806,0.234022,0.351104,0.351104,"SB and PL"
"NC_036863.1",49600000,0.356539,0.252943,0.33842,0.356539,"SB and PL"
"NC_036863.1",49610000,0.356539,0.252943,0.33842,0.356539,"SB and PL"
"NC_036865.1",2650000,0.298374,0.206712,0.223066,0.298374,"SB and PL"
"NC_036865.1",2660000,0.301258,0.207336,0.230899,0.301258,"SB and PL"
"NC_036865.1",2670000,0.305183,0.205874,0.239091,0.305183,"SB and PL"
"NC_036865.1",2690000,0.327074,0.232198,0.281037,0.327074,"SB and PL"
"NC_036865.1",2700000,0.336187,0.248485,0.29668,0.336187,"SB and PL"
"NC_036865.1",2710000,0.338644,0.226073,0.298742,0.338644,"SB and PL"
"NC_036867.1",1500000,0.178924,0.25138,0.262478,0.262478,"SB and PL"
"NC_036867.1",1510000,0.203137,0.278409,0.280859,0.280859,"SB and PL"
"NC_036867.1",1520000,0.202088,0.260164,0.278376,0.278376,"SB and PL"
"NC_036867.1",1530000,0.200956,0.273572,0.287986,0.287986,"SB and PL"
"NC_036867.1",1540000,0.279339,0.311552,0.330943,0.330943,"SB and PL"
"NC_036867.1",1550000,0.290206,0.269006,0.303563,0.303563,"SB and PL"
"NC_036867.1",1560000,0.301014,0.250874,0.289672,0.301014,"SB and PL"
"NC_036867.1",1570000,0.343071,0.247618,0.286125,0.343071,"SB and PL"
"NC_036867.1",1580000,0.36327,0.235633,0.289307,0.36327,"SB and PL"
"NC_036867.1",1590000,0.372373,0.207016,0.275901,0.372373,"SB and PL"
"NC_036867.1",13340000,0.237408,0.23897,0.249288,0.249288,"SB and PL"
"NC_036867.1",13350000,0.248295,0.267587,0.243819,0.267587,"SB and PL"
"NC_036867.1",13360000,0.225223,0.208032,0.227027,0.227027,"SB and PL"
"NC_036867.1",13370000,0.231113,0.224465,0.240911,0.240911,"SB and PL"
"NC_036868.1",3110000,0.372511,0.319556,0.336557,0.372511,"SB and PL"
"NC_036868.1",3120000,0.356413,0.323834,0.334822,0.356413,"SB and PL"
"NC_036868.1",3130000,0.300559,0.319922,0.322337,0.322337,"SB and PL"
"NC_036868.1",3140000,0.292661,0.315693,0.318121,0.318121,"SB and PL"
"NC_036868.1",3150000,0.287168,0.310374,0.315336,0.315336,"SB and PL"
"NC_036868.1",3160000,0.282361,0.306182,0.30165,0.306182,"SB and PL"
"NC_036868.1",3170000,0.232722,0.286045,0.260278,0.286045,"SB and PL"
"NC_036868.1",32770000,0.0215796,0.232762,0.258742,0.258742,"SB and PL"
"NC_036870.1",410000,0.0095721,0.219372,0.284717,0.284717,"SB and PL"
"NC_036870.1",420000,0.142005,0.27876,0.337648,0.337648,"SB and PL"
"NC_036870.1",430000,0.232642,0.339911,0.3627,0.3627,"SB and PL"
"NC_036870.1",440000,0.250512,0.38059,0.357305,0.38059,"SB and PL"
"NC_036870.1",450000,0.289402,0.417798,0.380549,0.417798,"SB and PL"
"NC_036870.1",460000,0.300783,0.421699,0.383139,0.421699,"SB and PL"
"NC_036870.1",470000,0.321916,0.441047,0.395956,0.441047,"SB and PL"
"NC_036870.1",480000,0.331869,0.442933,0.402319,0.442933,"SB and PL"
"NC_036870.1",490000,0.39345,0.457479,0.415192,0.457479,"SB and PL"
"NC_036870.1",5e+05,0.394668,0.422293,0.415008,0.422293,"SB and PL"
"NC_036870.1",510000,0.436009,0.413114,0.428832,0.436009,"SB and PL"
"NC_036870.1",520000,0.427633,0.403489,0.425275,0.427633,"SB and PL"
"NC_036870.1",530000,0.366815,0.335011,0.379148,0.379148,"SB and PL"
"NC_036870.1",540000,0.368945,0.320325,0.376907,0.376907,"SB and PL"
"NC_036870.1",550000,0.363397,0.252874,0.354692,0.363397,"SB and PL"
"NC_036870.1",560000,0.357497,0.206244,0.338247,0.357497,"SB and PL"
"NC_036870.1",7550000,0.249657,0.293397,0.255339,0.293397,"SB and PL"
"NC_036870.1",7560000,0.272816,0.318101,0.298762,0.318101,"SB and PL"
"NC_036870.1",7570000,0.28056,0.329286,0.313904,0.329286,"SB and PL"
"NC_036870.1",7580000,0.28833,0.344549,0.339162,0.344549,"SB and PL"
"NC_036870.1",7590000,0.366818,0.402156,0.410719,0.410719,"SB and PL"
"NC_036870.1",7600000,0.368208,0.379887,0.399202,0.399202,"SB and PL"
"NC_036870.1",7610000,0.370545,0.355139,0.369105,0.370545,"SB and PL"
"NC_036870.1",7620000,0.366139,0.328575,0.326017,0.366139,"SB and PL"
"NC_036870.1",7630000,0.320452,0.287302,0.282885,0.320452,"SB and PL"
"NC_036870.1",7640000,0.304834,0.27814,0.265759,0.304834,"SB and PL"
"NC_036870.1",7650000,0.27359,0.241301,0.224878,0.27359,"SB and PL"
"NC_036871.1",16740000,0.350685,0.316735,0.20739,0.350685,"SB and PL"
"NC_036871.1",16750000,0.156563,0.296178,0.258255,0.296178,"SB and PL"
"NC_036871.1",16760000,0.0363176,0.234342,0.256605,0.256605,"SB and PL"
"NC_036871.1",16780000,0,0.203651,0.25444,0.25444,"SB and PL"
"NC_036871.1",17140000,0.1525,0.224384,0.221064,0.224384,"SB and PL"
"NC_036871.1",17150000,0.152042,0.223347,0.210066,0.223347,"SB and PL"
"NC_036871.1",18040000,0.282715,0.216911,0.325916,0.325916,"SB and PL"
"NC_036871.1",18050000,0.338109,0.332154,0.341728,0.341728,"SB and PL"
"NC_036871.1",18060000,0.37796,0.386685,0.350172,0.386685,"SB and PL"
"NC_036871.1",18070000,0.415997,0.444115,0.362891,0.444115,"SB and PL"
"NC_036871.1",18080000,0.412719,0.445792,0.33394,0.445792,"SB and PL"
"NC_036871.1",18090000,0.42647,0.460208,0.328023,0.460208,"SB and PL"
"NC_036871.1",18100000,0.425012,0.453073,0.325206,0.453073,"SB and PL"
"NC_036871.1",18110000,0.422939,0.45463,0.309307,0.45463,"SB and PL"
"NC_036871.1",18120000,0.433242,0.461982,0.310033,0.461982,"SB and PL"
"NC_036871.1",18130000,0.448898,0.473506,0.289523,0.473506,"SB and PL"
"NC_036871.1",19210000,0.000214652,0.302216,0.204142,0.302216,"SB and PL"
"NC_036871.1",19240000,0.00199338,0.277307,0.20352,0.277307,"SB and PL"
"NC_036871.1",19250000,0,0.25955,0.203877,0.25955,"SB and PL"
"NC_036871.1",19280000,0,0.226815,0.228959,0.228959,"SB and PL"
"NC_036871.1",19290000,0,0.281187,0.271143,0.281187,"SB and PL"
"NC_036871.1",19300000,0,0.280929,0.266176,0.280929,"SB and PL"
"NC_036871.1",19310000,0,0.237138,0.22454,0.237138,"SB and PL"
"NC_036871.1",19320000,0,0.250727,0.243004,0.250727,"SB and PL"
"NC_036871.1",19330000,0,0.25353,0.219378,0.25353,"SB and PL"
"NC_036871.1",19340000,0,0.245511,0.219931,0.245511,"SB and PL"
"NC_036871.1",19350000,0,0.268042,0.223109,0.268042,"SB and PL"
"NC_036871.1",20620000,0.0573001,0.419082,0.23201,0.419082,"SB and PL"
"NC_036872.1",12360000,0.0126641,0.235146,0.455454,0.455454,"SB and PL"
"NC_036872.1",12370000,0.0275133,0.252637,0.464041,0.464041,"SB and PL"
"NC_036872.1",12380000,0.0367295,0.261687,0.448595,0.448595,"SB and PL"
"NC_036872.1",12390000,0.0411706,0.232517,0.448767,0.448767,"SB and PL"
"NC_036872.1",12510000,0,0.23939,0.216551,0.23939,"SB and PL"
"NC_036872.1",12520000,0,0.208335,0.216003,0.216003,"SB and PL"
"NC_036873.1",5240000,0.145748,0.201608,0.245276,0.245276,"SB and PL"
"NC_036873.1",5250000,0.163799,0.213076,0.259074,0.259074,"SB and PL"
"NC_036873.1",5260000,0.152577,0.264748,0.307774,0.307774,"SB and PL"
"NC_036873.1",5270000,0.124381,0.232374,0.417896,0.417896,"SB and PL"
"NC_036873.1",5280000,0.125384,0.232978,0.434946,0.434946,"SB and PL"
"NC_036873.1",5290000,0.113795,0.221824,0.41819,0.41819,"SB and PL"
"NC_036873.1",5300000,0.125688,0.241898,0.454105,0.454105,"SB and PL"
"NC_036873.1",5310000,0.0965245,0.228854,0.407524,0.407524,"SB and PL"
"NC_036873.1",5320000,0.0901979,0.22473,0.392494,0.392494,"SB and PL"
"NC_036874.1",12620000,0.00891907,0.23929,0.313285,0.313285,"SB and PL"
"NC_036874.1",12630000,0.00553976,0.252144,0.33193,0.33193,"SB and PL"
"NC_036874.1",12640000,0.0269553,0.270841,0.354532,0.354532,"SB and PL"
"NC_036874.1",12650000,0.0508521,0.297718,0.380722,0.380722,"SB and PL"
"NC_036874.1",12660000,0.0565232,0.307027,0.397165,0.397165,"SB and PL"
"NC_036874.1",12670000,0.02557,0.331514,0.416167,0.416167,"SB and PL"
"NC_036874.1",12680000,0,0.297502,0.445681,0.445681,"SB and PL"
"NC_036874.1",12690000,0,0.296282,0.454922,0.454922,"SB and PL"
"NC_036874.1",12700000,0,0.2856,0.500623,0.500623,"SB and PL"
"NC_036875.1",29760000,0.0643352,0.214716,0.20937,0.214716,"SB and PL"
"NC_036875.1",29770000,0.084179,0.246329,0.25721,0.25721,"SB and PL"
"NC_036875.1",29780000,0.0865891,0.258449,0.267403,0.267403,"SB and PL"
"NC_036875.1",29790000,0.11873,0.330898,0.347627,0.347627,"SB and PL"
"NC_036875.1",29800000,0.127677,0.318189,0.349797,0.349797,"SB and PL"
"NC_036875.1",29810000,0.136239,0.321054,0.356969,0.356969,"SB and PL"
"NC_036875.1",29820000,0.135505,0.308203,0.346412,0.346412,"SB and PL"
"NC_036875.1",29830000,0.164711,0.32617,0.358903,0.358903,"SB and PL"
"NC_036875.1",29840000,0.188937,0.337018,0.378058,0.378058,"SB and PL"
"NC_036875.1",29850000,0.169009,0.32665,0.360807,0.360807,"SB and PL"
"NC_036875.1",29860000,0.141784,0.291616,0.325299,0.325299,"SB and PL"
"NC_036875.1",29870000,0.11702,0.257949,0.282436,0.282436,"SB and PL"
"NC_036875.1",29880000,0.10192,0.234878,0.261354,0.261354,"SB and PL"
